2025-09-10 08:03:28.256 [info] [main] Log level: Info
2025-09-10 08:03:28.256 [info] [main] Validating found git in: "git"
2025-09-10 08:03:28.256 [info] [main] Using git "2.43.0" from "git"
2025-09-10 08:03:28.256 [info] [Model][doInitialScan] Initial repository scan started
2025-09-10 08:03:28.256 [info] > git rev-parse --show-toplevel [348ms]
2025-09-10 08:03:28.256 [info] > git rev-parse --git-dir --git-common-dir --show-superproject-working-tree [106ms]
2025-09-10 08:03:28.256 [info] [Model][openRepository] Opened repository (path): /home/vsysuser/workspace
2025-09-10 08:03:28.256 [info] [Model][openRepository] Opened repository (real path): /home/vsysuser/workspace
2025-09-10 08:03:28.256 [info] [Model][openRepository] Opened repository (kind): repository
2025-09-10 08:03:28.256 [info] [Git][getWorktreesFS] Worktree detection is disabled, skipping worktree detection
2025-09-10 08:03:28.256 [info] > git config --get commit.template [9ms]
2025-09-10 08:03:28.256 [info] > git rev-parse --show-toplevel [5ms]
2025-09-10 08:03:28.256 [info] > git for-each-ref --format=%(refname)%00%(upstream:short)%00%(objectname)%00%(upstream:track)%00%(upstream:remotename)%00%(upstream:remoteref) refs/heads/main refs/remotes/main [39ms]
2025-09-10 08:03:28.256 [info] > git rev-parse --show-toplevel [4ms]
2025-09-10 08:03:28.256 [info] > git for-each-ref --sort -committerdate --format %(refname)%00%(objectname)%00%(*objectname) [39ms]
2025-09-10 08:03:28.256 [info] > git rev-parse --show-toplevel [202ms]
2025-09-10 08:03:28.256 [info] > git status -z -uall [240ms]
2025-09-10 08:03:28.256 [info] [Git][getWorktreesFS] Worktree detection is disabled, skipping worktree detection
2025-09-10 08:03:28.256 [info] > git for-each-ref --format=%(refname)%00%(upstream:short)%00%(objectname)%00%(upstream:track)%00%(upstream:remotename)%00%(upstream:remoteref) refs/heads/main refs/remotes/main [7ms]
2025-09-10 08:03:28.256 [info] > git rev-parse --show-toplevel [112ms]
2025-09-10 08:03:28.256 [info] [Model][doInitialScan] Initial repository scan completed - repositories (1), closed repositories (0), parent repositories (0), unsafe repositories (0)
2025-09-10 08:03:28.256 [info] > git config --get --local branch.main.vscode-merge-base [91ms]
2025-09-10 08:03:28.256 [warning] [Git][config] git config failed: Failed to execute git
2025-09-10 08:03:28.256 [info] > git config --get commit.template [17ms]
2025-09-10 08:03:28.281 [info] > git reflog main --grep-reflog=branch: Created from *. [53ms]
2025-09-10 08:03:28.281 [info] > git for-each-ref --format=%(refname)%00%(upstream:short)%00%(objectname)%00%(upstream:track)%00%(upstream:remotename)%00%(upstream:remoteref) refs/heads/main refs/remotes/main [34ms]
2025-09-10 08:03:28.281 [info] > git symbolic-ref --short refs/remotes/origin/HEAD [9ms]
2025-09-10 08:03:28.281 [info] fatal: ref refs/remotes/origin/HEAD is not a symbolic ref
2025-09-10 08:03:28.281 [warning] [Repository][getDefaultBranch] Failed to get default branch details: Failed to execute git.
2025-09-10 08:03:28.281 [info] > git merge-base refs/heads/main refs/remotes/origin/main [131ms]
2025-09-10 08:03:28.281 [info] > git for-each-ref --sort -committerdate --format %(refname)%00%(objectname)%00%(*objectname) [100ms]
2025-09-10 08:03:28.282 [info] > git diff --name-status -z --diff-filter=ADMR 7cec3caaf16d1d468ce8984ba5d73dec8f3171ae...refs/remotes/origin/main [32ms]
2025-09-10 08:03:28.296 [info] > git status -z -uall [212ms]
2025-09-10 08:03:28.873 [info] > git check-ignore -v -z --stdin [13ms]
2025-09-10 08:04:41.721 [info] [Git][getWorktreesFS] Worktree detection is disabled, skipping worktree detection
2025-09-10 08:04:41.734 [info] > git config --get commit.template [7ms]
2025-09-10 08:04:41.736 [info] > git for-each-ref --format=%(refname)%00%(upstream:short)%00%(objectname)%00%(upstream:track)%00%(upstream:remotename)%00%(upstream:remoteref) refs/heads/main refs/remotes/main [4ms]
2025-09-10 08:04:41.797 [info] > git for-each-ref --sort -committerdate --format %(refname)%00%(objectname)%00%(*objectname) [4ms]
2025-09-10 08:04:41.887 [info] > git status -z -uall [145ms]
2025-09-10 08:04:46.893 [info] [Git][getWorktreesFS] Worktree detection is disabled, skipping worktree detection
2025-09-10 08:04:46.907 [info] > git config --get commit.template [7ms]
2025-09-10 08:04:46.908 [info] > git for-each-ref --format=%(refname)%00%(upstream:short)%00%(objectname)%00%(upstream:track)%00%(upstream:remotename)%00%(upstream:remoteref) refs/heads/main refs/remotes/main [3ms]
2025-09-10 08:04:47.005 [info] > git for-each-ref --sort -committerdate --format %(refname)%00%(objectname)%00%(*objectname) [8ms]
2025-09-10 08:04:47.095 [info] > git status -z -uall [180ms]
2025-09-10 08:04:52.106 [info] [Git][getWorktreesFS] Worktree detection is disabled, skipping worktree detection
2025-09-10 08:04:52.119 [info] > git config --get commit.template [8ms]
2025-09-10 08:04:52.120 [info] > git for-each-ref --format=%(refname)%00%(upstream:short)%00%(objectname)%00%(upstream:track)%00%(upstream:remotename)%00%(upstream:remoteref) refs/heads/main refs/remotes/main [3ms]
2025-09-10 08:04:52.191 [info] > git for-each-ref --sort -committerdate --format %(refname)%00%(objectname)%00%(*objectname) [58ms]
2025-09-10 08:04:52.289 [info] > git status -z -uall [164ms]
2025-09-10 08:05:39.214 [info] [Git][getWorktreesFS] Worktree detection is disabled, skipping worktree detection
2025-09-10 08:05:39.229 [info] > git config --get commit.template [9ms]
2025-09-10 08:05:39.229 [info] > git for-each-ref --format=%(refname)%00%(upstream:short)%00%(objectname)%00%(upstream:track)%00%(upstream:remotename)%00%(upstream:remoteref) refs/heads/main refs/remotes/main [3ms]
2025-09-10 08:05:39.299 [info] > git for-each-ref --sort -committerdate --format %(refname)%00%(objectname)%00%(*objectname) [1ms]
2025-09-10 08:05:39.386 [info] > git status -z -uall [151ms]
2025-09-10 08:05:44.392 [info] [Git][getWorktreesFS] Worktree detection is disabled, skipping worktree detection
2025-09-10 08:05:44.404 [info] > git config --get commit.template [6ms]
2025-09-10 08:05:44.406 [info] > git for-each-ref --format=%(refname)%00%(upstream:short)%00%(objectname)%00%(upstream:track)%00%(upstream:remotename)%00%(upstream:remoteref) refs/heads/main refs/remotes/main [3ms]
2025-09-10 08:05:44.497 [info] > git for-each-ref --sort -committerdate --format %(refname)%00%(objectname)%00%(*objectname) [4ms]
2025-09-10 08:05:44.582 [info] > git status -z -uall [170ms]
2025-09-10 08:05:49.586 [info] [Git][getWorktreesFS] Worktree detection is disabled, skipping worktree detection
2025-09-10 08:05:49.600 [info] > git config --get commit.template [8ms]
2025-09-10 08:05:49.602 [info] > git for-each-ref --format=%(refname)%00%(upstream:short)%00%(objectname)%00%(upstream:track)%00%(upstream:remotename)%00%(upstream:remoteref) refs/heads/main refs/remotes/main [3ms]
2025-09-10 08:05:49.703 [info] > git for-each-ref --sort -committerdate --format %(refname)%00%(objectname)%00%(*objectname) [6ms]
2025-09-10 08:05:49.792 [info] > git status -z -uall [184ms]
2025-09-10 08:05:52.060 [info] > git check-ignore -v -z --stdin [5ms]
2025-09-10 08:05:54.799 [info] [Git][getWorktreesFS] Worktree detection is disabled, skipping worktree detection
2025-09-10 08:05:54.812 [info] > git config --get commit.template [8ms]
2025-09-10 08:05:54.813 [info] > git for-each-ref --format=%(refname)%00%(upstream:short)%00%(objectname)%00%(upstream:track)%00%(upstream:remotename)%00%(upstream:remoteref) refs/heads/main refs/remotes/main [4ms]
2025-09-10 08:05:54.896 [info] > git for-each-ref --sort -committerdate --format %(refname)%00%(objectname)%00%(*objectname) [15ms]
2025-09-10 08:05:54.915 [info] > git status -z -uall [97ms]
2025-09-10 08:05:59.985 [info] [Git][getWorktreesFS] Worktree detection is disabled, skipping worktree detection
2025-09-10 08:05:59.996 [info] > git config --get commit.template [6ms]
2025-09-10 08:05:59.998 [info] > git for-each-ref --format=%(refname)%00%(upstream:short)%00%(objectname)%00%(upstream:track)%00%(upstream:remotename)%00%(upstream:remoteref) refs/heads/main refs/remotes/main [3ms]
2025-09-10 08:06:00.090 [info] > git for-each-ref --sort -committerdate --format %(refname)%00%(objectname)%00%(*objectname) [3ms]
2025-09-10 08:06:00.110 [info] > git status -z -uall [106ms]
2025-09-10 08:06:05.114 [info] [Git][getWorktreesFS] Worktree detection is disabled, skipping worktree detection
2025-09-10 08:06:05.126 [info] > git config --get commit.template [7ms]
2025-09-10 08:06:05.128 [info] > git for-each-ref --format=%(refname)%00%(upstream:short)%00%(objectname)%00%(upstream:track)%00%(upstream:remotename)%00%(upstream:remoteref) refs/heads/main refs/remotes/main [2ms]
2025-09-10 08:06:05.193 [info] > git for-each-ref --sort -committerdate --format %(refname)%00%(objectname)%00%(*objectname) [6ms]
2025-09-10 08:06:05.212 [info] > git status -z -uall [80ms]
2025-09-10 08:06:06.742 [info] > git show --textconv :week2_riscv_assignments/extract_zip_files.py [13ms]
2025-09-10 08:06:06.742 [info] > git ls-files --stage -- week2_riscv_assignments/extract_zip_files.py [7ms]
2025-09-10 08:06:06.783 [info] > git check-ignore -v -z --stdin [42ms]
2025-09-10 08:06:06.783 [info] > git hash-object -t tree /dev/null [35ms]
2025-09-10 08:06:06.784 [warning] [GitFileSystemProvider][stat] File not found - git:/home/vsysuser/workspace/week2_riscv_assignments/extract_zip_files.py.git?%7B%22path%22%3A%22%2Fhome%2Fvsysuser%2Fworkspace%2Fweek2_riscv_assignments%2Fextract_zip_files.py%22%2C%22ref%22%3A%22%22%7D
2025-09-10 08:06:06.787 [info] > git hash-object -t tree /dev/null [34ms]
2025-09-10 08:06:06.787 [warning] [GitFileSystemProvider][readFile] File not found - git:/home/vsysuser/workspace/week2_riscv_assignments/extract_zip_files.py.git?%7B%22path%22%3A%22%2Fhome%2Fvsysuser%2Fworkspace%2Fweek2_riscv_assignments%2Fextract_zip_files.py%22%2C%22ref%22%3A%22%22%7D
2025-09-10 08:06:23.928 [info] [Git][getWorktreesFS] Worktree detection is disabled, skipping worktree detection
2025-09-10 08:06:23.942 [info] > git config --get commit.template [8ms]
2025-09-10 08:06:23.944 [info] > git for-each-ref --format=%(refname)%00%(upstream:short)%00%(objectname)%00%(upstream:track)%00%(upstream:remotename)%00%(upstream:remoteref) refs/heads/main refs/remotes/main [3ms]
2025-09-10 08:06:24.050 [info] > git for-each-ref --sort -committerdate --format %(refname)%00%(objectname)%00%(*objectname) [56ms]
2025-09-10 08:06:24.085 [info] > git status -z -uall [136ms]
2025-09-10 08:06:29.090 [info] [Git][getWorktreesFS] Worktree detection is disabled, skipping worktree detection
2025-09-10 08:06:29.105 [info] > git config --get commit.template [8ms]
2025-09-10 08:06:29.107 [info] > git for-each-ref --format=%(refname)%00%(upstream:short)%00%(objectname)%00%(upstream:track)%00%(upstream:remotename)%00%(upstream:remoteref) refs/heads/main refs/remotes/main [3ms]
2025-09-10 08:06:29.286 [info] > git for-each-ref --sort -committerdate --format %(refname)%00%(objectname)%00%(*objectname) [36ms]
2025-09-10 08:06:29.350 [info] > git status -z -uall [198ms]
2025-09-10 08:07:06.779 [info] [Git][getWorktreesFS] Worktree detection is disabled, skipping worktree detection
2025-09-10 08:07:06.795 [info] > git config --get commit.template [7ms]
2025-09-10 08:07:06.797 [info] > git for-each-ref --format=%(refname)%00%(upstream:short)%00%(objectname)%00%(upstream:track)%00%(upstream:remotename)%00%(upstream:remoteref) refs/heads/main refs/remotes/main [3ms]
2025-09-10 08:07:06.894 [info] > git for-each-ref --sort -committerdate --format %(refname)%00%(objectname)%00%(*objectname) [7ms]
2025-09-10 08:07:06.956 [info] > git status -z -uall [153ms]
2025-09-10 08:07:11.961 [info] [Git][getWorktreesFS] Worktree detection is disabled, skipping worktree detection
2025-09-10 08:07:11.973 [info] > git config --get commit.template [7ms]
2025-09-10 08:07:11.975 [info] > git for-each-ref --format=%(refname)%00%(upstream:short)%00%(objectname)%00%(upstream:track)%00%(upstream:remotename)%00%(upstream:remoteref) refs/heads/main refs/remotes/main [2ms]
2025-09-10 08:07:12.088 [info] > git for-each-ref --sort -committerdate --format %(refname)%00%(objectname)%00%(*objectname) [28ms]
2025-09-10 08:07:12.158 [info] > git status -z -uall [178ms]
2025-09-10 08:07:18.845 [info] [Git][getWorktreesFS] Worktree detection is disabled, skipping worktree detection
2025-09-10 08:07:18.857 [info] > git config --get commit.template [6ms]
2025-09-10 08:07:18.859 [info] > git for-each-ref --format=%(refname)%00%(upstream:short)%00%(objectname)%00%(upstream:track)%00%(upstream:remotename)%00%(upstream:remoteref) refs/heads/main refs/remotes/main [3ms]
2025-09-10 08:07:18.962 [info] > git for-each-ref --sort -committerdate --format %(refname)%00%(objectname)%00%(*objectname) [8ms]
2025-09-10 08:07:19.058 [info] > git status -z -uall [194ms]
2025-09-10 08:07:24.089 [info] [Git][getWorktreesFS] Worktree detection is disabled, skipping worktree detection
2025-09-10 08:07:24.449 [info] > git config --get commit.template [199ms]
2025-09-10 08:07:24.493 [info] > git for-each-ref --format=%(refname)%00%(upstream:short)%00%(objectname)%00%(upstream:track)%00%(upstream:remotename)%00%(upstream:remoteref) refs/heads/main refs/remotes/main [93ms]
2025-09-10 08:07:24.900 [info] > git for-each-ref --sort -committerdate --format %(refname)%00%(objectname)%00%(*objectname) [17ms]
2025-09-10 08:07:25.381 [info] > git status -z -uall [692ms]
2025-09-10 08:07:30.492 [info] [Git][getWorktreesFS] Worktree detection is disabled, skipping worktree detection
2025-09-10 08:07:31.151 [info] > git config --get commit.template [448ms]
2025-09-10 08:07:31.482 [info] > git for-each-ref --format=%(refname)%00%(upstream:short)%00%(objectname)%00%(upstream:track)%00%(upstream:remotename)%00%(upstream:remoteref) refs/heads/main refs/remotes/main [187ms]
2025-09-10 08:07:32.599 [info] > git for-each-ref --sort -committerdate --format %(refname)%00%(objectname)%00%(*objectname) [302ms]
2025-09-10 08:07:32.895 [info] > git status -z -uall [802ms]
2025-09-10 08:07:40.393 [info] [Git][getWorktreesFS] Worktree detection is disabled, skipping worktree detection
2025-09-10 08:07:41.096 [info] > git config --get commit.template [206ms]
2025-09-10 08:07:41.702 [info] > git for-each-ref --format=%(refname)%00%(upstream:short)%00%(objectname)%00%(upstream:track)%00%(upstream:remotename)%00%(upstream:remoteref) refs/heads/main refs/remotes/main [304ms]
2025-09-10 08:07:43.606 [info] > git for-each-ref --sort -committerdate --format %(refname)%00%(objectname)%00%(*objectname) [222ms]
2025-09-10 08:07:44.193 [info] > git status -z -uall [994ms]
2025-09-10 08:07:49.583 [info] [Git][getWorktreesFS] Worktree detection is disabled, skipping worktree detection
2025-09-10 08:07:50.350 [info] > git config --get commit.template [559ms]
2025-09-10 08:07:51.284 [info] > git for-each-ref --format=%(refname)%00%(upstream:short)%00%(objectname)%00%(upstream:track)%00%(upstream:remotename)%00%(upstream:remoteref) refs/heads/main refs/remotes/main [296ms]
2025-09-10 08:07:53.400 [info] > git status -z -uall [1097ms]
2025-09-10 08:07:53.400 [info] > git for-each-ref --sort -committerdate --format %(refname)%00%(objectname)%00%(*objectname) [798ms]
2025-09-10 08:08:05.153 [info] [Git][getWorktreesFS] Worktree detection is disabled, skipping worktree detection
2025-09-10 08:08:06.794 [info] > git config --get commit.template [807ms]
2025-09-10 08:08:10.397 [info] > git for-each-ref --format=%(refname)%00%(upstream:short)%00%(objectname)%00%(upstream:track)%00%(upstream:remotename)%00%(upstream:remoteref) refs/heads/main refs/remotes/main [2508ms]
2025-09-10 08:08:15.004 [info] > git for-each-ref --sort -committerdate --format %(refname)%00%(objectname)%00%(*objectname) [716ms]
2025-09-10 08:08:15.392 [info] > git status -z -uall [1400ms]
2025-09-10 08:08:23.486 [info] [Git][getWorktreesFS] Worktree detection is disabled, skipping worktree detection
2025-09-10 08:08:25.490 [info] > git config --get commit.template [1792ms]
2025-09-10 08:08:29.391 [info] > git for-each-ref --format=%(refname)%00%(upstream:short)%00%(objectname)%00%(upstream:track)%00%(upstream:remotename)%00%(upstream:remoteref) refs/heads/main refs/remotes/main [2607ms]
2025-09-10 08:08:36.305 [info] > git status -z -uall [2123ms]
2025-09-10 08:08:37.589 [info] > git for-each-ref --sort -committerdate --format %(refname)%00%(objectname)%00%(*objectname) [3091ms]
2025-09-10 08:08:44.202 [info] [Git][getWorktreesFS] Worktree detection is disabled, skipping worktree detection
2025-09-10 08:08:50.799 [info] > git config --get commit.template [4008ms]
2025-09-10 08:08:58.597 [info] > git for-each-ref --format=%(refname)%00%(upstream:short)%00%(objectname)%00%(upstream:track)%00%(upstream:remotename)%00%(upstream:remoteref) refs/heads/main refs/remotes/main [4599ms]
2025-09-10 08:09:05.509 [info] > git status -z -uall [1011ms]
2025-09-10 08:09:05.988 [info] > git for-each-ref --sort -committerdate --format %(refname)%00%(objectname)%00%(*objectname) [1386ms]
2025-09-10 08:09:27.192 [info] [Git][getWorktreesFS] Worktree detection is disabled, skipping worktree detection
2025-09-10 08:09:28.162 [info] > git config --get commit.template [575ms]
2025-09-10 08:09:28.854 [info] > git for-each-ref --format=%(refname)%00%(upstream:short)%00%(objectname)%00%(upstream:track)%00%(upstream:remotename)%00%(upstream:remoteref) refs/heads/main refs/remotes/main [363ms]
2025-09-10 08:09:29.284 [info] > git for-each-ref --sort -committerdate --format %(refname)%00%(objectname)%00%(*objectname) [91ms]
2025-09-10 08:09:29.293 [info] > git status -z -uall [194ms]
2025-09-10 08:09:34.393 [info] [Git][getWorktreesFS] Worktree detection is disabled, skipping worktree detection
2025-09-10 08:09:34.755 [info] > git config --get commit.template [73ms]
2025-09-10 08:09:35.187 [info] > git for-each-ref --format=%(refname)%00%(upstream:short)%00%(objectname)%00%(upstream:track)%00%(upstream:remotename)%00%(upstream:remoteref) refs/heads/main refs/remotes/main [292ms]
2025-09-10 08:09:35.985 [info] > git for-each-ref --sort -committerdate --format %(refname)%00%(objectname)%00%(*objectname) [336ms]
2025-09-10 08:09:36.291 [info] > git status -z -uall [893ms]
2025-09-10 08:09:41.493 [info] [Git][getWorktreesFS] Worktree detection is disabled, skipping worktree detection
2025-09-10 08:09:41.953 [info] > git config --get commit.template [101ms]
2025-09-10 08:09:42.381 [info] > git for-each-ref --format=%(refname)%00%(upstream:short)%00%(objectname)%00%(upstream:track)%00%(upstream:remotename)%00%(upstream:remoteref) refs/heads/main refs/remotes/main [184ms]
2025-09-10 08:09:45.096 [info] > git for-each-ref --sort -committerdate --format %(refname)%00%(objectname)%00%(*objectname) [100ms]
2025-09-10 08:09:45.656 [info] > git status -z -uall [901ms]
2025-09-10 08:10:38.401 [info] [Git][getWorktreesFS] Worktree detection is disabled, skipping worktree detection
2025-09-10 08:10:40.053 [info] > git config --get commit.template [769ms]
2025-09-10 08:10:42.492 [info] > git for-each-ref --format=%(refname)%00%(upstream:short)%00%(objectname)%00%(upstream:track)%00%(upstream:remotename)%00%(upstream:remoteref) refs/heads/main refs/remotes/main [1005ms]
2025-09-10 08:10:46.900 [info] > git status -z -uall [1415ms]
2025-09-10 08:10:47.394 [info] > git for-each-ref --sort -committerdate --format %(refname)%00%(objectname)%00%(*objectname) [1599ms]
2025-09-10 08:10:54.695 [info] [Git][getWorktreesFS] Worktree detection is disabled, skipping worktree detection
2025-09-10 08:10:57.891 [info] > git config --get commit.template [1208ms]
2025-09-10 08:10:59.100 [info] > git for-each-ref --format=%(refname)%00%(upstream:short)%00%(objectname)%00%(upstream:track)%00%(upstream:remotename)%00%(upstream:remoteref) refs/heads/main refs/remotes/main [714ms]
2025-09-10 08:11:00.787 [info] > git status -z -uall [527ms]
2025-09-10 08:11:01.102 [info] > git for-each-ref --sort -committerdate --format %(refname)%00%(objectname)%00%(*objectname) [748ms]
2025-09-10 08:13:10.673 [info] [Git][getWorktreesFS] Worktree detection is disabled, skipping worktree detection
2025-09-10 08:13:10.749 [info] > git config --get commit.template [8ms]
2025-09-10 08:13:10.752 [info] > git for-each-ref --format=%(refname)%00%(upstream:short)%00%(objectname)%00%(upstream:track)%00%(upstream:remotename)%00%(upstream:remoteref) refs/heads/main refs/remotes/main [65ms]
2025-09-10 08:13:10.862 [info] > git for-each-ref --sort -committerdate --format %(refname)%00%(objectname)%00%(*objectname) [8ms]
2025-09-10 08:13:10.875 [info] > git status -z -uall [117ms]
2025-09-10 08:13:15.889 [info] [Git][getWorktreesFS] Worktree detection is disabled, skipping worktree detection
2025-09-10 08:13:16.052 [info] > git config --get commit.template [149ms]
2025-09-10 08:13:16.087 [info] > git for-each-ref --format=%(refname)%00%(upstream:short)%00%(objectname)%00%(upstream:track)%00%(upstream:remotename)%00%(upstream:remoteref) refs/heads/main refs/remotes/main [82ms]
2025-09-10 08:13:16.290 [info] > git for-each-ref --sort -committerdate --format %(refname)%00%(objectname)%00%(*objectname) [40ms]
2025-09-10 08:13:16.493 [info] > git status -z -uall [391ms]
2025-09-10 08:13:21.588 [info] [Git][getWorktreesFS] Worktree detection is disabled, skipping worktree detection
2025-09-10 08:13:21.782 [info] > git config --get commit.template [184ms]
2025-09-10 08:13:21.886 [info] > git for-each-ref --format=%(refname)%00%(upstream:short)%00%(objectname)%00%(upstream:track)%00%(upstream:remotename)%00%(upstream:remoteref) refs/heads/main refs/remotes/main [82ms]
2025-09-10 08:13:22.282 [info] > git for-each-ref --sort -committerdate --format %(refname)%00%(objectname)%00%(*objectname) [186ms]
2025-09-10 08:13:22.291 [info] > git status -z -uall [236ms]
2025-09-10 08:13:27.386 [info] [Git][getWorktreesFS] Worktree detection is disabled, skipping worktree detection
2025-09-10 08:13:27.492 [info] > git config --get commit.template [94ms]
2025-09-10 08:13:27.496 [info] > git for-each-ref --format=%(refname)%00%(upstream:short)%00%(objectname)%00%(upstream:track)%00%(upstream:remotename)%00%(upstream:remoteref) refs/heads/main refs/remotes/main [6ms]
2025-09-10 08:13:27.702 [info] > git for-each-ref --sort -committerdate --format %(refname)%00%(objectname)%00%(*objectname) [10ms]
2025-09-10 08:13:27.983 [info] > git status -z -uall [432ms]
2025-09-10 08:13:33.000 [info] [Git][getWorktreesFS] Worktree detection is disabled, skipping worktree detection
2025-09-10 08:13:33.406 [info] > git config --get commit.template [116ms]
2025-09-10 08:13:33.695 [info] > git for-each-ref --format=%(refname)%00%(upstream:short)%00%(objectname)%00%(upstream:track)%00%(upstream:remotename)%00%(upstream:remoteref) refs/heads/main refs/remotes/main [291ms]
2025-09-10 08:13:34.701 [info] > git for-each-ref --sort -committerdate --format %(refname)%00%(objectname)%00%(*objectname) [510ms]
2025-09-10 08:13:35.292 [info] > git status -z -uall [1310ms]
2025-09-10 08:13:40.593 [info] [Git][getWorktreesFS] Worktree detection is disabled, skipping worktree detection
2025-09-10 08:13:41.485 [info] > git config --get commit.template [635ms]
2025-09-10 08:13:42.304 [info] > git for-each-ref --format=%(refname)%00%(upstream:short)%00%(objectname)%00%(upstream:track)%00%(upstream:remotename)%00%(upstream:remoteref) refs/heads/main refs/remotes/main [323ms]
2025-09-10 08:13:43.987 [info] > git status -z -uall [782ms]
2025-09-10 08:13:44.196 [info] > git for-each-ref --sort -committerdate --format %(refname)%00%(objectname)%00%(*objectname) [797ms]
2025-09-10 08:14:02.207 [info] [Git][getWorktreesFS] Worktree detection is disabled, skipping worktree detection
2025-09-10 08:14:04.684 [info] > git config --get commit.template [1394ms]
2025-09-10 08:14:05.782 [info] > git for-each-ref --format=%(refname)%00%(upstream:short)%00%(objectname)%00%(upstream:track)%00%(upstream:remotename)%00%(upstream:remoteref) refs/heads/main refs/remotes/main [977ms]
2025-09-10 08:14:08.652 [info] > git status -z -uall [766ms]
2025-09-10 08:14:09.054 [info] > git for-each-ref --sort -committerdate --format %(refname)%00%(objectname)%00%(*objectname) [1051ms]
2025-09-10 08:14:23.898 [info] [Git][getWorktreesFS] Worktree detection is disabled, skipping worktree detection
2025-09-10 08:14:25.897 [info] > git config --get commit.template [1800ms]
2025-09-10 08:14:27.999 [info] > git for-each-ref --format=%(refname)%00%(upstream:short)%00%(objectname)%00%(upstream:track)%00%(upstream:remotename)%00%(upstream:remoteref) refs/heads/main refs/remotes/main [1295ms]
2025-09-10 08:14:31.295 [info] > git status -z -uall [1189ms]
2025-09-10 08:14:32.097 [info] > git for-each-ref --sort -committerdate --format %(refname)%00%(objectname)%00%(*objectname) [1747ms]
2025-09-10 08:14:54.101 [info] [Git][getWorktreesFS] Worktree detection is disabled, skipping worktree detection
2025-09-10 08:14:56.803 [info] > git config --get commit.template [2611ms]
2025-09-10 08:14:59.086 [info] > git for-each-ref --format=%(refname)%00%(upstream:short)%00%(objectname)%00%(upstream:track)%00%(upstream:remotename)%00%(upstream:remoteref) refs/heads/main refs/remotes/main [1187ms]
2025-09-10 08:15:00.692 [info] > git status -z -uall [505ms]
2025-09-10 08:15:00.993 [info] > git for-each-ref --sort -committerdate --format %(refname)%00%(objectname)%00%(*objectname) [709ms]
2025-09-10 08:15:07.582 [info] [Git][getWorktreesFS] Worktree detection is disabled, skipping worktree detection
2025-09-10 08:15:08.103 [info] > git config --get commit.template [514ms]
2025-09-10 08:15:08.996 [info] > git for-each-ref --format=%(refname)%00%(upstream:short)%00%(objectname)%00%(upstream:track)%00%(upstream:remotename)%00%(upstream:remoteref) refs/heads/main refs/remotes/main [586ms]
2025-09-10 08:15:10.606 [info] > git status -z -uall [409ms]
2025-09-10 08:15:10.892 [info] > git for-each-ref --sort -committerdate --format %(refname)%00%(objectname)%00%(*objectname) [642ms]
2025-09-10 08:15:19.350 [info] [Git][getWorktreesFS] Worktree detection is disabled, skipping worktree detection
2025-09-10 08:15:19.652 [info] > git config --get commit.template [269ms]
2025-09-10 08:15:19.988 [info] > git for-each-ref --format=%(refname)%00%(upstream:short)%00%(objectname)%00%(upstream:track)%00%(upstream:remotename)%00%(upstream:remoteref) refs/heads/main refs/remotes/main [196ms]
2025-09-10 08:15:20.500 [info] > git status -z -uall [203ms]
2025-09-10 08:15:20.556 [info] > git for-each-ref --sort -committerdate --format %(refname)%00%(objectname)%00%(*objectname) [169ms]
2025-09-10 08:25:41.112 [info] [Git][getWorktreesFS] Worktree detection is disabled, skipping worktree detection
2025-09-10 08:25:41.128 [info] > git config --get commit.template [7ms]
2025-09-10 08:25:41.129 [info] > git for-each-ref --format=%(refname)%00%(upstream:short)%00%(objectname)%00%(upstream:track)%00%(upstream:remotename)%00%(upstream:remoteref) refs/heads/main refs/remotes/main [2ms]
2025-09-10 08:25:41.201 [info] > git for-each-ref --sort -committerdate --format %(refname)%00%(objectname)%00%(*objectname) [3ms]
2025-09-10 08:25:41.291 [info] > git status -z -uall [156ms]
2025-09-10 08:25:46.295 [info] [Git][getWorktreesFS] Worktree detection is disabled, skipping worktree detection
2025-09-10 08:25:46.307 [info] > git config --get commit.template [6ms]
2025-09-10 08:25:46.309 [info] > git for-each-ref --format=%(refname)%00%(upstream:short)%00%(objectname)%00%(upstream:track)%00%(upstream:remotename)%00%(upstream:remoteref) refs/heads/main refs/remotes/main [2ms]
2025-09-10 08:25:46.396 [info] > git for-each-ref --sort -committerdate --format %(refname)%00%(objectname)%00%(*objectname) [4ms]
2025-09-10 08:25:46.411 [info] > git status -z -uall [95ms]
2025-09-10 08:26:19.371 [info] [Git][getWorktreesFS] Worktree detection is disabled, skipping worktree detection
2025-09-10 08:26:19.385 [info] > git config --get commit.template [7ms]
2025-09-10 08:26:19.386 [info] > git for-each-ref --format=%(refname)%00%(upstream:short)%00%(objectname)%00%(upstream:track)%00%(upstream:remotename)%00%(upstream:remoteref) refs/heads/main refs/remotes/main [2ms]
2025-09-10 08:26:19.487 [info] > git for-each-ref --sort -committerdate --format %(refname)%00%(objectname)%00%(*objectname) [3ms]
2025-09-10 08:26:19.502 [info] > git status -z -uall [110ms]
2025-09-10 08:26:24.508 [info] [Git][getWorktreesFS] Worktree detection is disabled, skipping worktree detection
2025-09-10 08:26:24.516 [info] > git config --get commit.template [3ms]
2025-09-10 08:26:24.523 [info] > git for-each-ref --format=%(refname)%00%(upstream:short)%00%(objectname)%00%(upstream:track)%00%(upstream:remotename)%00%(upstream:remoteref) refs/heads/main refs/remotes/main [2ms]
2025-09-10 08:26:24.598 [info] > git for-each-ref --sort -committerdate --format %(refname)%00%(objectname)%00%(*objectname) [7ms]
2025-09-10 08:26:24.682 [info] > git status -z -uall [153ms]
2025-09-10 08:26:29.688 [info] [Git][getWorktreesFS] Worktree detection is disabled, skipping worktree detection
2025-09-10 08:26:29.701 [info] > git config --get commit.template [7ms]
2025-09-10 08:26:29.702 [info] > git for-each-ref --format=%(refname)%00%(upstream:short)%00%(objectname)%00%(upstream:track)%00%(upstream:remotename)%00%(upstream:remoteref) refs/heads/main refs/remotes/main [3ms]
2025-09-10 08:26:29.794 [info] > git for-each-ref --sort -committerdate --format %(refname)%00%(objectname)%00%(*objectname) [9ms]
2025-09-10 08:26:29.810 [info] > git status -z -uall [103ms]
2025-09-10 08:26:34.814 [info] [Git][getWorktreesFS] Worktree detection is disabled, skipping worktree detection
2025-09-10 08:26:34.826 [info] > git config --get commit.template [7ms]
2025-09-10 08:26:34.828 [info] > git for-each-ref --format=%(refname)%00%(upstream:short)%00%(objectname)%00%(upstream:track)%00%(upstream:remotename)%00%(upstream:remoteref) refs/heads/main refs/remotes/main [3ms]
2025-09-10 08:26:34.887 [info] > git for-each-ref --sort -committerdate --format %(refname)%00%(objectname)%00%(*objectname) [3ms]
2025-09-10 08:26:34.912 [info] > git status -z -uall [79ms]
2025-09-10 08:26:39.917 [info] [Git][getWorktreesFS] Worktree detection is disabled, skipping worktree detection
2025-09-10 08:26:39.984 [info] > git for-each-ref --format=%(refname)%00%(upstream:short)%00%(objectname)%00%(upstream:track)%00%(upstream:remotename)%00%(upstream:remoteref) refs/heads/main refs/remotes/main [34ms]
2025-09-10 08:26:39.984 [info] > git config --get commit.template [56ms]
2025-09-10 08:26:40.091 [info] > git for-each-ref --sort -committerdate --format %(refname)%00%(objectname)%00%(*objectname) [2ms]
2025-09-10 08:26:40.107 [info] > git status -z -uall [114ms]
2025-09-10 08:26:45.110 [info] [Git][getWorktreesFS] Worktree detection is disabled, skipping worktree detection
2025-09-10 08:26:45.122 [info] > git config --get commit.template [6ms]
2025-09-10 08:26:45.124 [info] > git for-each-ref --format=%(refname)%00%(upstream:short)%00%(objectname)%00%(upstream:track)%00%(upstream:remotename)%00%(upstream:remoteref) refs/heads/main refs/remotes/main [3ms]
2025-09-10 08:26:45.195 [info] > git for-each-ref --sort -committerdate --format %(refname)%00%(objectname)%00%(*objectname) [5ms]
2025-09-10 08:26:45.210 [info] > git status -z -uall [81ms]
2025-09-10 08:26:53.287 [info] [Git][getWorktreesFS] Worktree detection is disabled, skipping worktree detection
2025-09-10 08:26:53.303 [info] > git config --get commit.template [9ms]
2025-09-10 08:26:53.303 [info] > git for-each-ref --format=%(refname)%00%(upstream:short)%00%(objectname)%00%(upstream:track)%00%(upstream:remotename)%00%(upstream:remoteref) refs/heads/main refs/remotes/main [3ms]
2025-09-10 08:26:53.397 [info] > git for-each-ref --sort -committerdate --format %(refname)%00%(objectname)%00%(*objectname) [5ms]
2025-09-10 08:26:53.412 [info] > git status -z -uall [103ms]
2025-09-10 08:26:58.485 [info] [Git][getWorktreesFS] Worktree detection is disabled, skipping worktree detection
2025-09-10 08:26:58.497 [info] > git config --get commit.template [6ms]
2025-09-10 08:26:58.499 [info] > git for-each-ref --format=%(refname)%00%(upstream:short)%00%(objectname)%00%(upstream:track)%00%(upstream:remotename)%00%(upstream:remoteref) refs/heads/main refs/remotes/main [3ms]
2025-09-10 08:26:58.596 [info] > git for-each-ref --sort -committerdate --format %(refname)%00%(objectname)%00%(*objectname) [3ms]
2025-09-10 08:26:58.611 [info] > git status -z -uall [106ms]
2025-09-10 08:27:03.614 [info] [Git][getWorktreesFS] Worktree detection is disabled, skipping worktree detection
2025-09-10 08:27:03.627 [info] > git config --get commit.template [8ms]
2025-09-10 08:27:03.628 [info] > git for-each-ref --format=%(refname)%00%(upstream:short)%00%(objectname)%00%(upstream:track)%00%(upstream:remotename)%00%(upstream:remoteref) refs/heads/main refs/remotes/main [2ms]
2025-09-10 08:27:03.696 [info] > git for-each-ref --sort -committerdate --format %(refname)%00%(objectname)%00%(*objectname) [5ms]
2025-09-10 08:27:03.793 [info] > git status -z -uall [159ms]
2025-09-10 08:31:58.754 [info] [Git][getWorktreesFS] Worktree detection is disabled, skipping worktree detection
2025-09-10 08:31:58.768 [info] > git config --get commit.template [8ms]
2025-09-10 08:31:58.769 [info] > git for-each-ref --format=%(refname)%00%(upstream:short)%00%(objectname)%00%(upstream:track)%00%(upstream:remotename)%00%(upstream:remoteref) refs/heads/main refs/remotes/main [2ms]
2025-09-10 08:31:58.868 [info] > git for-each-ref --sort -committerdate --format %(refname)%00%(objectname)%00%(*objectname) [3ms]
2025-09-10 08:31:58.956 [info] > git status -z -uall [181ms]
2025-09-10 08:33:30.569 [info] [Git][getWorktreesFS] Worktree detection is disabled, skipping worktree detection
2025-09-10 08:33:30.584 [info] > git config --get commit.template [7ms]
2025-09-10 08:33:30.585 [info] > git for-each-ref --format=%(refname)%00%(upstream:short)%00%(objectname)%00%(upstream:track)%00%(upstream:remotename)%00%(upstream:remoteref) refs/heads/main refs/remotes/main [4ms]
2025-09-10 08:33:30.689 [info] > git for-each-ref --sort -committerdate --format %(refname)%00%(objectname)%00%(*objectname) [4ms]
2025-09-10 08:33:30.752 [info] > git status -z -uall [163ms]
2025-09-10 08:33:37.358 [info] [Git][getWorktreesFS] Worktree detection is disabled, skipping worktree detection
2025-09-10 08:33:37.369 [info] > git config --get commit.template [6ms]
2025-09-10 08:33:37.372 [info] > git for-each-ref --format=%(refname)%00%(upstream:short)%00%(objectname)%00%(upstream:track)%00%(upstream:remotename)%00%(upstream:remoteref) refs/heads/main refs/remotes/main [4ms]
2025-09-10 08:33:37.467 [info] > git for-each-ref --sort -committerdate --format %(refname)%00%(objectname)%00%(*objectname) [5ms]
2025-09-10 08:33:37.553 [info] > git status -z -uall [176ms]
2025-09-10 08:33:42.556 [info] [Git][getWorktreesFS] Worktree detection is disabled, skipping worktree detection
2025-09-10 08:33:42.569 [info] > git config --get commit.template [8ms]
2025-09-10 08:33:42.570 [info] > git for-each-ref --format=%(refname)%00%(upstream:short)%00%(objectname)%00%(upstream:track)%00%(upstream:remotename)%00%(upstream:remoteref) refs/heads/main refs/remotes/main [3ms]
2025-09-10 08:33:42.655 [info] > git for-each-ref --sort -committerdate --format %(refname)%00%(objectname)%00%(*objectname) [72ms]
2025-09-10 08:33:42.677 [info] > git status -z -uall [102ms]
2025-09-10 08:33:50.935 [info] [Git][getWorktreesFS] Worktree detection is disabled, skipping worktree detection
2025-09-10 08:33:50.948 [info] > git config --get commit.template [8ms]
2025-09-10 08:33:50.949 [info] > git for-each-ref --format=%(refname)%00%(upstream:short)%00%(objectname)%00%(upstream:track)%00%(upstream:remotename)%00%(upstream:remoteref) refs/heads/main refs/remotes/main [3ms]
2025-09-10 08:33:51.052 [info] > git for-each-ref --sort -committerdate --format %(refname)%00%(objectname)%00%(*objectname) [65ms]
2025-09-10 08:33:51.068 [info] > git status -z -uall [114ms]
2025-09-10 08:33:56.072 [info] [Git][getWorktreesFS] Worktree detection is disabled, skipping worktree detection
2025-09-10 08:33:56.084 [info] > git config --get commit.template [7ms]
2025-09-10 08:33:56.086 [info] > git for-each-ref --format=%(refname)%00%(upstream:short)%00%(objectname)%00%(upstream:track)%00%(upstream:remotename)%00%(upstream:remoteref) refs/heads/main refs/remotes/main [3ms]
2025-09-10 08:33:56.188 [info] > git for-each-ref --sort -committerdate --format %(refname)%00%(objectname)%00%(*objectname) [31ms]
2025-09-10 08:33:56.202 [info] > git status -z -uall [111ms]
2025-09-10 08:37:08.195 [info] [Git][getWorktreesFS] Worktree detection is disabled, skipping worktree detection
2025-09-10 08:37:08.208 [info] > git config --get commit.template [6ms]
2025-09-10 08:37:08.210 [info] > git for-each-ref --format=%(refname)%00%(upstream:short)%00%(objectname)%00%(upstream:track)%00%(upstream:remotename)%00%(upstream:remoteref) refs/heads/main refs/remotes/main [3ms]
2025-09-10 08:37:08.294 [info] > git for-each-ref --sort -committerdate --format %(refname)%00%(objectname)%00%(*objectname) [6ms]
2025-09-10 08:37:08.384 [info] > git status -z -uall [168ms]
2025-09-10 08:37:15.002 [info] [Git][getWorktreesFS] Worktree detection is disabled, skipping worktree detection
2025-09-10 08:37:15.015 [info] > git config --get commit.template [7ms]
2025-09-10 08:37:15.017 [info] > git for-each-ref --format=%(refname)%00%(upstream:short)%00%(objectname)%00%(upstream:track)%00%(upstream:remotename)%00%(upstream:remoteref) refs/heads/main refs/remotes/main [3ms]
2025-09-10 08:37:15.092 [info] > git for-each-ref --sort -committerdate --format %(refname)%00%(objectname)%00%(*objectname) [3ms]
2025-09-10 08:37:15.111 [info] > git status -z -uall [89ms]
2025-09-10 08:37:40.286 [info] [Git][getWorktreesFS] Worktree detection is disabled, skipping worktree detection
2025-09-10 08:37:40.298 [info] > git config --get commit.template [7ms]
2025-09-10 08:37:40.300 [info] > git for-each-ref --format=%(refname)%00%(upstream:short)%00%(objectname)%00%(upstream:track)%00%(upstream:remotename)%00%(upstream:remoteref) refs/heads/main refs/remotes/main [3ms]
2025-09-10 08:37:40.396 [info] > git for-each-ref --sort -committerdate --format %(refname)%00%(objectname)%00%(*objectname) [5ms]
2025-09-10 08:37:40.485 [info] > git status -z -uall [179ms]
2025-09-10 08:37:52.670 [info] [Git][getWorktreesFS] Worktree detection is disabled, skipping worktree detection
2025-09-10 08:37:52.682 [info] > git config --get commit.template [6ms]
2025-09-10 08:37:52.684 [info] > git for-each-ref --format=%(refname)%00%(upstream:short)%00%(objectname)%00%(upstream:track)%00%(upstream:remotename)%00%(upstream:remoteref) refs/heads/main refs/remotes/main [3ms]
2025-09-10 08:37:52.786 [info] > git for-each-ref --sort -committerdate --format %(refname)%00%(objectname)%00%(*objectname) [27ms]
2025-09-10 08:37:52.801 [info] > git status -z -uall [113ms]
2025-09-10 08:41:42.639 [info] [Git][getWorktreesFS] Worktree detection is disabled, skipping worktree detection
2025-09-10 08:41:42.653 [info] > git config --get commit.template [7ms]
2025-09-10 08:41:42.655 [info] > git for-each-ref --format=%(refname)%00%(upstream:short)%00%(objectname)%00%(upstream:track)%00%(upstream:remotename)%00%(upstream:remoteref) refs/heads/main refs/remotes/main [3ms]
2025-09-10 08:41:42.752 [info] > git for-each-ref --sort -committerdate --format %(refname)%00%(objectname)%00%(*objectname) [60ms]
2025-09-10 08:41:42.791 [info] > git status -z -uall [131ms]
2025-09-10 08:43:22.348 [info] [Git][getWorktreesFS] Worktree detection is disabled, skipping worktree detection
2025-09-10 08:43:22.362 [info] > git config --get commit.template [7ms]
2025-09-10 08:43:22.364 [info] > git for-each-ref --format=%(refname)%00%(upstream:short)%00%(objectname)%00%(upstream:track)%00%(upstream:remotename)%00%(upstream:remoteref) refs/heads/main refs/remotes/main [3ms]
2025-09-10 08:43:22.464 [info] > git for-each-ref --sort -committerdate --format %(refname)%00%(objectname)%00%(*objectname) [3ms]
2025-09-10 08:43:22.482 [info] > git status -z -uall [111ms]
2025-09-10 08:43:43.301 [info] [Git][getWorktreesFS] Worktree detection is disabled, skipping worktree detection
2025-09-10 08:43:43.318 [info] > git config --get commit.template [10ms]
2025-09-10 08:43:43.319 [info] > git for-each-ref --format=%(refname)%00%(upstream:short)%00%(objectname)%00%(upstream:track)%00%(upstream:remotename)%00%(upstream:remoteref) refs/heads/main refs/remotes/main [3ms]
2025-09-10 08:43:43.404 [info] > git for-each-ref --sort -committerdate --format %(refname)%00%(objectname)%00%(*objectname) [5ms]
2025-09-10 08:43:43.498 [info] > git status -z -uall [172ms]
2025-09-10 08:47:19.876 [info] [Git][getWorktreesFS] Worktree detection is disabled, skipping worktree detection
2025-09-10 08:47:19.887 [info] > git config --get commit.template [3ms]
2025-09-10 08:47:19.894 [info] > git for-each-ref --format=%(refname)%00%(upstream:short)%00%(objectname)%00%(upstream:track)%00%(upstream:remotename)%00%(upstream:remoteref) refs/heads/main refs/remotes/main [2ms]
2025-09-10 08:47:19.996 [info] > git for-each-ref --sort -committerdate --format %(refname)%00%(objectname)%00%(*objectname) [5ms]
2025-09-10 08:47:20.083 [info] > git status -z -uall [183ms]
2025-09-10 08:47:29.022 [info] [Git][getWorktreesFS] Worktree detection is disabled, skipping worktree detection
2025-09-10 08:47:29.041 [info] > git config --get commit.template [12ms]
2025-09-10 08:47:29.042 [info] > git for-each-ref --format=%(refname)%00%(upstream:short)%00%(objectname)%00%(upstream:track)%00%(upstream:remotename)%00%(upstream:remoteref) refs/heads/main refs/remotes/main [2ms]
2025-09-10 08:47:29.106 [info] > git for-each-ref --sort -committerdate --format %(refname)%00%(objectname)%00%(*objectname) [6ms]
2025-09-10 08:47:29.203 [info] > git status -z -uall [154ms]
2025-09-10 08:54:20.435 [info] [Git][getWorktreesFS] Worktree detection is disabled, skipping worktree detection
2025-09-10 08:54:20.467 [info] > git config --get commit.template [10ms]
2025-09-10 08:54:20.482 [info] > git for-each-ref --format=%(refname)%00%(upstream:short)%00%(objectname)%00%(upstream:track)%00%(upstream:remotename)%00%(upstream:remoteref) refs/heads/main refs/remotes/main [17ms]
2025-09-10 08:54:20.590 [info] > git for-each-ref --sort -committerdate --format %(refname)%00%(objectname)%00%(*objectname) [32ms]
2025-09-10 08:54:20.663 [info] > git status -z -uall [175ms]
2025-09-10 08:56:11.725 [info] [Git][getWorktreesFS] Worktree detection is disabled, skipping worktree detection
2025-09-10 08:56:11.741 [info] > git config --get commit.template [8ms]
2025-09-10 08:56:11.743 [info] > git for-each-ref --format=%(refname)%00%(upstream:short)%00%(objectname)%00%(upstream:track)%00%(upstream:remotename)%00%(upstream:remoteref) refs/heads/main refs/remotes/main [3ms]
2025-09-10 08:56:11.851 [info] > git for-each-ref --sort -committerdate --format %(refname)%00%(objectname)%00%(*objectname) [61ms]
2025-09-10 08:56:11.901 [info] > git status -z -uall [151ms]
2025-09-10 08:56:20.139 [info] [Git][getWorktreesFS] Worktree detection is disabled, skipping worktree detection
2025-09-10 08:56:20.151 [info] > git config --get commit.template [3ms]
2025-09-10 08:56:20.162 [info] > git for-each-ref --format=%(refname)%00%(upstream:short)%00%(objectname)%00%(upstream:track)%00%(upstream:remotename)%00%(upstream:remoteref) refs/heads/main refs/remotes/main [4ms]
2025-09-10 08:56:20.351 [info] > git for-each-ref --sort -committerdate --format %(refname)%00%(objectname)%00%(*objectname) [63ms]
2025-09-10 08:56:20.362 [info] > git status -z -uall [194ms]
2025-09-10 08:56:25.386 [info] [Git][getWorktreesFS] Worktree detection is disabled, skipping worktree detection
2025-09-10 08:56:25.401 [info] > git config --get commit.template [7ms]
2025-09-10 08:56:25.403 [info] > git for-each-ref --format=%(refname)%00%(upstream:short)%00%(objectname)%00%(upstream:track)%00%(upstream:remotename)%00%(upstream:remoteref) refs/heads/main refs/remotes/main [4ms]
2025-09-10 08:56:25.501 [info] > git for-each-ref --sort -committerdate --format %(refname)%00%(objectname)%00%(*objectname) [5ms]
2025-09-10 08:56:25.594 [info] > git status -z -uall [185ms]
2025-09-10 08:56:35.725 [info] [Git][getWorktreesFS] Worktree detection is disabled, skipping worktree detection
2025-09-10 08:56:35.739 [info] > git config --get commit.template [8ms]
2025-09-10 08:56:35.740 [info] > git for-each-ref --format=%(refname)%00%(upstream:short)%00%(objectname)%00%(upstream:track)%00%(upstream:remotename)%00%(upstream:remoteref) refs/heads/main refs/remotes/main [3ms]
2025-09-10 08:56:35.851 [info] > git for-each-ref --sort -committerdate --format %(refname)%00%(objectname)%00%(*objectname) [52ms]
2025-09-10 08:56:35.892 [info] > git status -z -uall [144ms]
2025-09-10 08:57:21.547 [info] [Git][getWorktreesFS] Worktree detection is disabled, skipping worktree detection
2025-09-10 08:57:21.563 [info] > git config --get commit.template [8ms]
2025-09-10 08:57:21.565 [info] > git for-each-ref --format=%(refname)%00%(upstream:short)%00%(objectname)%00%(upstream:track)%00%(upstream:remotename)%00%(upstream:remoteref) refs/heads/main refs/remotes/main [3ms]
2025-09-10 08:57:21.682 [info] > git for-each-ref --sort -committerdate --format %(refname)%00%(objectname)%00%(*objectname) [20ms]
2025-09-10 08:57:21.760 [info] > git status -z -uall [188ms]
2025-09-10 08:57:40.484 [info] [Git][getWorktreesFS] Worktree detection is disabled, skipping worktree detection
2025-09-10 08:57:40.493 [info] > git config --get commit.template [3ms]
2025-09-10 08:57:40.500 [info] > git for-each-ref --format=%(refname)%00%(upstream:short)%00%(objectname)%00%(upstream:track)%00%(upstream:remotename)%00%(upstream:remoteref) refs/heads/main refs/remotes/main [2ms]
2025-09-10 08:57:40.597 [info] > git for-each-ref --sort -committerdate --format %(refname)%00%(objectname)%00%(*objectname) [11ms]
2025-09-10 08:57:40.684 [info] > git status -z -uall [179ms]
2025-09-10 08:57:45.687 [info] [Git][getWorktreesFS] Worktree detection is disabled, skipping worktree detection
2025-09-10 08:57:45.695 [info] > git config --get commit.template [3ms]
2025-09-10 08:57:45.702 [info] > git for-each-ref --format=%(refname)%00%(upstream:short)%00%(objectname)%00%(upstream:track)%00%(upstream:remotename)%00%(upstream:remoteref) refs/heads/main refs/remotes/main [2ms]
2025-09-10 08:57:45.799 [info] > git for-each-ref --sort -committerdate --format %(refname)%00%(objectname)%00%(*objectname) [4ms]
2025-09-10 08:57:45.889 [info] > git status -z -uall [178ms]
2025-09-10 08:58:06.414 [info] [Git][getWorktreesFS] Worktree detection is disabled, skipping worktree detection
2025-09-10 08:58:06.431 [info] > git config --get commit.template [9ms]
2025-09-10 08:58:06.433 [info] > git for-each-ref --format=%(refname)%00%(upstream:short)%00%(objectname)%00%(upstream:track)%00%(upstream:remotename)%00%(upstream:remoteref) refs/heads/main refs/remotes/main [4ms]
2025-09-10 08:58:06.586 [info] > git for-each-ref --sort -committerdate --format %(refname)%00%(objectname)%00%(*objectname) [5ms]
2025-09-10 08:58:06.597 [info] > git status -z -uall [157ms]
2025-09-10 08:58:28.165 [info] [Git][getWorktreesFS] Worktree detection is disabled, skipping worktree detection
2025-09-10 08:58:28.182 [info] > git config --get commit.template [8ms]
2025-09-10 08:58:28.185 [info] > git for-each-ref --format=%(refname)%00%(upstream:short)%00%(objectname)%00%(upstream:track)%00%(upstream:remotename)%00%(upstream:remoteref) refs/heads/main refs/remotes/main [4ms]
2025-09-10 08:58:28.350 [info] > git for-each-ref --sort -committerdate --format %(refname)%00%(objectname)%00%(*objectname) [63ms]
2025-09-10 08:58:28.367 [info] > git status -z -uall [174ms]
2025-09-10 08:58:33.373 [info] [Git][getWorktreesFS] Worktree detection is disabled, skipping worktree detection
2025-09-10 08:58:33.384 [info] > git config --get commit.template [4ms]
2025-09-10 08:58:33.394 [info] > git for-each-ref --format=%(refname)%00%(upstream:short)%00%(objectname)%00%(upstream:track)%00%(upstream:remotename)%00%(upstream:remoteref) refs/heads/main refs/remotes/main [3ms]
2025-09-10 08:58:33.552 [info] > git for-each-ref --sort -committerdate --format %(refname)%00%(objectname)%00%(*objectname) [59ms]
2025-09-10 08:58:33.595 [info] > git status -z -uall [193ms]
2025-09-10 08:58:52.452 [info] [Git][getWorktreesFS] Worktree detection is disabled, skipping worktree detection
2025-09-10 08:58:52.486 [info] > git config --get commit.template [5ms]
2025-09-10 08:58:52.560 [info] > git for-each-ref --format=%(refname)%00%(upstream:short)%00%(objectname)%00%(upstream:track)%00%(upstream:remotename)%00%(upstream:remoteref) refs/heads/main refs/remotes/main [66ms]
2025-09-10 08:58:52.752 [info] > git for-each-ref --sort -committerdate --format %(refname)%00%(objectname)%00%(*objectname) [71ms]
2025-09-10 08:58:52.863 [info] > git status -z -uall [274ms]
2025-09-10 08:58:57.884 [info] [Git][getWorktreesFS] Worktree detection is disabled, skipping worktree detection
2025-09-10 08:58:57.892 [info] > git config --get commit.template [2ms]
2025-09-10 08:58:57.900 [info] > git for-each-ref --format=%(refname)%00%(upstream:short)%00%(objectname)%00%(upstream:track)%00%(upstream:remotename)%00%(upstream:remoteref) refs/heads/main refs/remotes/main [3ms]
2025-09-10 08:58:57.987 [info] > git for-each-ref --sort -committerdate --format %(refname)%00%(objectname)%00%(*objectname) [6ms]
2025-09-10 08:58:58.010 [info] > git status -z -uall [105ms]
2025-09-10 08:59:41.479 [info] [Git][getWorktreesFS] Worktree detection is disabled, skipping worktree detection
2025-09-10 08:59:41.492 [info] > git config --get commit.template [7ms]
2025-09-10 08:59:41.494 [info] > git for-each-ref --format=%(refname)%00%(upstream:short)%00%(objectname)%00%(upstream:track)%00%(upstream:remotename)%00%(upstream:remoteref) refs/heads/main refs/remotes/main [3ms]
2025-09-10 08:59:41.591 [info] > git for-each-ref --sort -committerdate --format %(refname)%00%(objectname)%00%(*objectname) [1ms]
2025-09-10 08:59:41.651 [info] > git status -z -uall [152ms]
2025-09-10 09:01:15.827 [info] [Git][getWorktreesFS] Worktree detection is disabled, skipping worktree detection
2025-09-10 09:01:15.842 [info] > git config --get commit.template [9ms]
2025-09-10 09:01:15.844 [info] > git for-each-ref --format=%(refname)%00%(upstream:short)%00%(objectname)%00%(upstream:track)%00%(upstream:remotename)%00%(upstream:remoteref) refs/heads/main refs/remotes/main [3ms]
2025-09-10 09:01:15.951 [info] > git for-each-ref --sort -committerdate --format %(refname)%00%(objectname)%00%(*objectname) [52ms]
2025-09-10 09:01:15.995 [info] > git status -z -uall [146ms]
2025-09-10 09:01:21.000 [info] [Git][getWorktreesFS] Worktree detection is disabled, skipping worktree detection
2025-09-10 09:01:21.007 [info] > git config --get commit.template [2ms]
2025-09-10 09:01:21.015 [info] > git for-each-ref --format=%(refname)%00%(upstream:short)%00%(objectname)%00%(upstream:track)%00%(upstream:remotename)%00%(upstream:remoteref) refs/heads/main refs/remotes/main [3ms]
2025-09-10 09:01:21.089 [info] > git for-each-ref --sort -committerdate --format %(refname)%00%(objectname)%00%(*objectname) [59ms]
2025-09-10 09:01:21.111 [info] > git status -z -uall [90ms]
2025-09-10 09:01:38.162 [info] [Git][getWorktreesFS] Worktree detection is disabled, skipping worktree detection
2025-09-10 09:01:38.173 [info] > git config --get commit.template [6ms]
2025-09-10 09:01:38.175 [info] > git for-each-ref --format=%(refname)%00%(upstream:short)%00%(objectname)%00%(upstream:track)%00%(upstream:remotename)%00%(upstream:remoteref) refs/heads/main refs/remotes/main [3ms]
2025-09-10 09:01:38.262 [info] > git for-each-ref --sort -committerdate --format %(refname)%00%(objectname)%00%(*objectname) [76ms]
2025-09-10 09:01:38.290 [info] > git status -z -uall [111ms]
2025-09-10 09:01:46.383 [info] [Git][getWorktreesFS] Worktree detection is disabled, skipping worktree detection
2025-09-10 09:01:46.398 [info] > git config --get commit.template [8ms]
2025-09-10 09:01:46.400 [info] > git for-each-ref --format=%(refname)%00%(upstream:short)%00%(objectname)%00%(upstream:track)%00%(upstream:remotename)%00%(upstream:remoteref) refs/heads/main refs/remotes/main [3ms]
2025-09-10 09:01:46.583 [info] > git for-each-ref --sort -committerdate --format %(refname)%00%(objectname)%00%(*objectname) [84ms]
2025-09-10 09:01:46.597 [info] > git status -z -uall [191ms]
2025-09-10 09:01:48.426 [info] > git check-ignore -v -z --stdin [4ms]
2025-09-10 09:01:51.602 [info] [Git][getWorktreesFS] Worktree detection is disabled, skipping worktree detection
2025-09-10 09:01:51.611 [info] > git config --get commit.template [3ms]
2025-09-10 09:01:51.620 [info] > git for-each-ref --format=%(refname)%00%(upstream:short)%00%(objectname)%00%(upstream:track)%00%(upstream:remotename)%00%(upstream:remoteref) refs/heads/main refs/remotes/main [3ms]
2025-09-10 09:01:51.703 [info] > git for-each-ref --sort -committerdate --format %(refname)%00%(objectname)%00%(*objectname) [7ms]
2025-09-10 09:01:51.795 [info] > git status -z -uall [168ms]
2025-09-10 09:02:28.647 [info] [Git][getWorktreesFS] Worktree detection is disabled, skipping worktree detection
2025-09-10 09:02:28.660 [info] > git config --get commit.template [7ms]
2025-09-10 09:02:28.663 [info] > git for-each-ref --format=%(refname)%00%(upstream:short)%00%(objectname)%00%(upstream:track)%00%(upstream:remotename)%00%(upstream:remoteref) refs/heads/main refs/remotes/main [4ms]
2025-09-10 09:02:28.761 [info] > git for-each-ref --sort -committerdate --format %(refname)%00%(objectname)%00%(*objectname) [5ms]
2025-09-10 09:02:28.784 [info] > git status -z -uall [115ms]
2025-09-10 09:02:33.788 [info] [Git][getWorktreesFS] Worktree detection is disabled, skipping worktree detection
2025-09-10 09:02:33.798 [info] > git config --get commit.template [3ms]
2025-09-10 09:02:33.808 [info] > git for-each-ref --format=%(refname)%00%(upstream:short)%00%(objectname)%00%(upstream:track)%00%(upstream:remotename)%00%(upstream:remoteref) refs/heads/main refs/remotes/main [3ms]
2025-09-10 09:02:33.899 [info] > git for-each-ref --sort -committerdate --format %(refname)%00%(objectname)%00%(*objectname) [5ms]
2025-09-10 09:02:33.995 [info] > git status -z -uall [178ms]
2025-09-10 09:02:57.636 [info] [Git][getWorktreesFS] Worktree detection is disabled, skipping worktree detection
2025-09-10 09:02:57.652 [info] > git config --get commit.template [7ms]
2025-09-10 09:02:57.654 [info] > git for-each-ref --format=%(refname)%00%(upstream:short)%00%(objectname)%00%(upstream:track)%00%(upstream:remotename)%00%(upstream:remoteref) refs/heads/main refs/remotes/main [3ms]
2025-09-10 09:02:57.759 [info] > git for-each-ref --sort -committerdate --format %(refname)%00%(objectname)%00%(*objectname) [70ms]
2025-09-10 09:02:57.797 [info] > git status -z -uall [138ms]
2025-09-10 09:03:02.802 [info] [Git][getWorktreesFS] Worktree detection is disabled, skipping worktree detection
2025-09-10 09:03:02.812 [info] > git config --get commit.template [3ms]
2025-09-10 09:03:02.821 [info] > git for-each-ref --format=%(refname)%00%(upstream:short)%00%(objectname)%00%(upstream:track)%00%(upstream:remotename)%00%(upstream:remoteref) refs/heads/main refs/remotes/main [3ms]
2025-09-10 09:03:02.951 [info] > git for-each-ref --sort -committerdate --format %(refname)%00%(objectname)%00%(*objectname) [56ms]
2025-09-10 09:03:02.998 [info] > git status -z -uall [170ms]
2025-09-10 09:03:12.884 [info] [Git][getWorktreesFS] Worktree detection is disabled, skipping worktree detection
2025-09-10 09:03:13.294 [info] > git config --get commit.template [289ms]
2025-09-10 09:03:13.683 [info] > git for-each-ref --format=%(refname)%00%(upstream:short)%00%(objectname)%00%(upstream:track)%00%(upstream:remotename)%00%(upstream:remoteref) refs/heads/main refs/remotes/main [119ms]
2025-09-10 09:03:14.291 [info] > git for-each-ref --sort -committerdate --format %(refname)%00%(objectname)%00%(*objectname) [206ms]
2025-09-10 09:03:14.693 [info] > git status -z -uall [708ms]
2025-09-10 09:03:19.886 [info] [Git][getWorktreesFS] Worktree detection is disabled, skipping worktree detection
2025-09-10 09:03:20.296 [info] > git config --get commit.template [242ms]
2025-09-10 09:03:20.495 [info] > git for-each-ref --format=%(refname)%00%(upstream:short)%00%(objectname)%00%(upstream:track)%00%(upstream:remotename)%00%(upstream:remoteref) refs/heads/main refs/remotes/main [99ms]
2025-09-10 09:03:22.103 [info] > git for-each-ref --sort -committerdate --format %(refname)%00%(objectname)%00%(*objectname) [352ms]
2025-09-10 09:03:22.298 [info] > git status -z -uall [811ms]
2025-09-10 09:03:27.799 [info] [Git][getWorktreesFS] Worktree detection is disabled, skipping worktree detection
2025-09-10 09:03:28.703 [info] > git config --get commit.template [418ms]
2025-09-10 09:03:30.182 [info] > git for-each-ref --format=%(refname)%00%(upstream:short)%00%(objectname)%00%(upstream:track)%00%(upstream:remotename)%00%(upstream:remoteref) refs/heads/main refs/remotes/main [694ms]
2025-09-10 09:03:32.989 [info] > git for-each-ref --sort -committerdate --format %(refname)%00%(objectname)%00%(*objectname) [787ms]
2025-09-10 09:03:33.250 [info] > git status -z -uall [1348ms]
2025-09-10 09:03:38.887 [info] [Git][getWorktreesFS] Worktree detection is disabled, skipping worktree detection
2025-09-10 09:03:40.106 [info] > git config --get commit.template [604ms]
2025-09-10 09:03:40.799 [info] > git for-each-ref --format=%(refname)%00%(upstream:short)%00%(objectname)%00%(upstream:track)%00%(upstream:remotename)%00%(upstream:remoteref) refs/heads/main refs/remotes/main [507ms]
2025-09-10 09:03:43.251 [info] > git status -z -uall [850ms]
2025-09-10 09:03:43.550 [info] > git for-each-ref --sort -committerdate --format %(refname)%00%(objectname)%00%(*objectname) [900ms]
2025-09-10 09:03:52.803 [info] [Git][getWorktreesFS] Worktree detection is disabled, skipping worktree detection
2025-09-10 09:03:53.899 [info] > git config --get commit.template [894ms]
2025-09-10 09:03:55.303 [info] > git for-each-ref --format=%(refname)%00%(upstream:short)%00%(objectname)%00%(upstream:track)%00%(upstream:remotename)%00%(upstream:remoteref) refs/heads/main refs/remotes/main [705ms]
2025-09-10 09:03:58.295 [info] > git status -z -uall [845ms]
2025-09-10 09:03:58.690 [info] > git for-each-ref --sort -committerdate --format %(refname)%00%(objectname)%00%(*objectname) [1004ms]
2025-09-10 09:04:07.295 [info] [Git][getWorktreesFS] Worktree detection is disabled, skipping worktree detection
2025-09-10 09:04:09.605 [info] > git config --get commit.template [1619ms]
2025-09-10 09:04:11.000 [info] > git for-each-ref --format=%(refname)%00%(upstream:short)%00%(objectname)%00%(upstream:track)%00%(upstream:remotename)%00%(upstream:remoteref) refs/heads/main refs/remotes/main [1207ms]
2025-09-10 09:04:15.290 [info] > git status -z -uall [1497ms]
2025-09-10 09:04:16.086 [info] > git for-each-ref --sort -committerdate --format %(refname)%00%(objectname)%00%(*objectname) [2102ms]
2025-09-10 09:04:36.693 [info] [Git][getWorktreesFS] Worktree detection is disabled, skipping worktree detection
2025-09-10 09:04:38.488 [info] > git config --get commit.template [1781ms]
2025-09-10 09:04:40.283 [info] > git for-each-ref --format=%(refname)%00%(upstream:short)%00%(objectname)%00%(upstream:track)%00%(upstream:remotename)%00%(upstream:remoteref) refs/heads/main refs/remotes/main [879ms]
2025-09-10 09:04:42.093 [info] > git status -z -uall [590ms]
2025-09-10 09:04:42.899 [info] > git for-each-ref --sort -committerdate --format %(refname)%00%(objectname)%00%(*objectname) [1311ms]
2025-09-10 09:04:48.104 [info] [Git][getWorktreesFS] Worktree detection is disabled, skipping worktree detection
2025-09-10 09:04:49.887 [info] > git config --get commit.template [1698ms]
2025-09-10 09:04:51.190 [info] > git for-each-ref --format=%(refname)%00%(upstream:short)%00%(objectname)%00%(upstream:track)%00%(upstream:remotename)%00%(upstream:remoteref) refs/heads/main refs/remotes/main [785ms]
2025-09-10 09:04:55.007 [info] > git status -z -uall [617ms]
2025-09-10 09:04:55.392 [info] > git for-each-ref --sort -committerdate --format %(refname)%00%(objectname)%00%(*objectname) [897ms]
2025-09-10 09:05:00.706 [info] [Git][getWorktreesFS] Worktree detection is disabled, skipping worktree detection
2025-09-10 09:05:01.687 [info] > git config --get commit.template [604ms]
2025-09-10 09:05:02.593 [info] > git for-each-ref --format=%(refname)%00%(upstream:short)%00%(objectname)%00%(upstream:track)%00%(upstream:remotename)%00%(upstream:remoteref) refs/heads/main refs/remotes/main [592ms]
2025-09-10 09:05:03.707 [info] > git status -z -uall [304ms]
2025-09-10 09:05:03.886 [info] > git for-each-ref --sort -committerdate --format %(refname)%00%(objectname)%00%(*objectname) [392ms]
2025-09-10 09:05:13.534 [info] [Git][getWorktreesFS] Worktree detection is disabled, skipping worktree detection
2025-09-10 09:05:13.549 [info] > git config --get commit.template [8ms]
2025-09-10 09:05:13.552 [info] > git for-each-ref --format=%(refname)%00%(upstream:short)%00%(objectname)%00%(upstream:track)%00%(upstream:remotename)%00%(upstream:remoteref) refs/heads/main refs/remotes/main [4ms]
2025-09-10 09:05:13.660 [info] > git for-each-ref --sort -committerdate --format %(refname)%00%(objectname)%00%(*objectname) [3ms]
2025-09-10 09:05:13.698 [info] > git status -z -uall [138ms]
2025-09-10 09:05:18.703 [info] [Git][getWorktreesFS] Worktree detection is disabled, skipping worktree detection
2025-09-10 09:05:18.715 [info] > git config --get commit.template [7ms]
2025-09-10 09:05:18.717 [info] > git for-each-ref --format=%(refname)%00%(upstream:short)%00%(objectname)%00%(upstream:track)%00%(upstream:remotename)%00%(upstream:remoteref) refs/heads/main refs/remotes/main [3ms]
2025-09-10 09:05:18.851 [info] > git for-each-ref --sort -committerdate --format %(refname)%00%(objectname)%00%(*objectname) [58ms]
2025-09-10 09:05:18.884 [info] > git check-ignore -v -z --stdin [80ms]
2025-09-10 09:05:18.888 [info] > git status -z -uall [165ms]
2025-09-10 09:05:25.887 [info] [Git][getWorktreesFS] Worktree detection is disabled, skipping worktree detection
2025-09-10 09:05:26.382 [info] > git config --get commit.template [226ms]
2025-09-10 09:05:26.954 [info] > git for-each-ref --format=%(refname)%00%(upstream:short)%00%(objectname)%00%(upstream:track)%00%(upstream:remotename)%00%(upstream:remoteref) refs/heads/main refs/remotes/main [264ms]
2025-09-10 09:05:28.051 [info] > git for-each-ref --sort -committerdate --format %(refname)%00%(objectname)%00%(*objectname) [196ms]
2025-09-10 09:05:28.385 [info] > git status -z -uall [822ms]
2025-09-10 09:05:33.486 [info] [Git][getWorktreesFS] Worktree detection is disabled, skipping worktree detection
2025-09-10 09:05:34.054 [info] > git config --get commit.template [400ms]
2025-09-10 09:05:34.861 [info] > git for-each-ref --format=%(refname)%00%(upstream:short)%00%(objectname)%00%(upstream:track)%00%(upstream:remotename)%00%(upstream:remoteref) refs/heads/main refs/remotes/main [606ms]
2025-09-10 09:05:36.560 [info] > git for-each-ref --sort -committerdate --format %(refname)%00%(objectname)%00%(*objectname) [501ms]
2025-09-10 09:05:37.162 [info] > git status -z -uall [1475ms]
2025-09-10 09:05:42.386 [info] [Git][getWorktreesFS] Worktree detection is disabled, skipping worktree detection
2025-09-10 09:05:43.551 [info] > git config --get commit.template [619ms]
2025-09-10 09:05:43.784 [info] > git for-each-ref --format=%(refname)%00%(upstream:short)%00%(objectname)%00%(upstream:track)%00%(upstream:remotename)%00%(upstream:remoteref) refs/heads/main refs/remotes/main [398ms]
2025-09-10 09:05:45.256 [info] > git for-each-ref --sort -committerdate --format %(refname)%00%(objectname)%00%(*objectname) [398ms]
2025-09-10 09:05:45.560 [info] > git status -z -uall [1006ms]
2025-09-10 09:09:24.054 [info] [Git][getWorktreesFS] Worktree detection is disabled, skipping worktree detection
2025-09-10 09:09:24.067 [info] > git config --get commit.template [4ms]
2025-09-10 09:09:24.076 [info] > git for-each-ref --format=%(refname)%00%(upstream:short)%00%(objectname)%00%(upstream:track)%00%(upstream:remotename)%00%(upstream:remoteref) refs/heads/main refs/remotes/main [3ms]
2025-09-10 09:09:24.253 [info] > git for-each-ref --sort -committerdate --format %(refname)%00%(objectname)%00%(*objectname) [67ms]
2025-09-10 09:09:24.272 [info] > git status -z -uall [188ms]
2025-09-10 09:09:45.863 [info] [Git][getWorktreesFS] Worktree detection is disabled, skipping worktree detection
2025-09-10 09:09:45.878 [info] > git config --get commit.template [7ms]
2025-09-10 09:09:45.879 [info] > git for-each-ref --format=%(refname)%00%(upstream:short)%00%(objectname)%00%(upstream:track)%00%(upstream:remotename)%00%(upstream:remoteref) refs/heads/main refs/remotes/main [2ms]
2025-09-10 09:09:45.984 [info] > git for-each-ref --sort -committerdate --format %(refname)%00%(objectname)%00%(*objectname) [21ms]
2025-09-10 09:09:46.057 [info] > git status -z -uall [172ms]
2025-09-10 09:09:51.062 [info] [Git][getWorktreesFS] Worktree detection is disabled, skipping worktree detection
2025-09-10 09:09:51.079 [info] > git config --get commit.template [10ms]
2025-09-10 09:09:51.080 [info] > git for-each-ref --format=%(refname)%00%(upstream:short)%00%(objectname)%00%(upstream:track)%00%(upstream:remotename)%00%(upstream:remoteref) refs/heads/main refs/remotes/main [4ms]
2025-09-10 09:09:51.187 [info] > git for-each-ref --sort -committerdate --format %(refname)%00%(objectname)%00%(*objectname) [4ms]
2025-09-10 09:09:51.266 [info] > git status -z -uall [180ms]
2025-09-10 09:10:04.919 [info] [Git][getWorktreesFS] Worktree detection is disabled, skipping worktree detection
2025-09-10 09:10:04.935 [info] > git config --get commit.template [8ms]
2025-09-10 09:10:04.937 [info] > git for-each-ref --format=%(refname)%00%(upstream:short)%00%(objectname)%00%(upstream:track)%00%(upstream:remotename)%00%(upstream:remoteref) refs/heads/main refs/remotes/main [3ms]
2025-09-10 09:10:05.083 [info] > git for-each-ref --sort -committerdate --format %(refname)%00%(objectname)%00%(*objectname) [87ms]
2025-09-10 09:10:05.102 [info] > git status -z -uall [158ms]
2025-09-10 09:10:25.870 [info] [Git][getWorktreesFS] Worktree detection is disabled, skipping worktree detection
2025-09-10 09:10:25.887 [info] > git config --get commit.template [10ms]
2025-09-10 09:10:25.888 [info] > git for-each-ref --format=%(refname)%00%(upstream:short)%00%(objectname)%00%(upstream:track)%00%(upstream:remotename)%00%(upstream:remoteref) refs/heads/main refs/remotes/main [3ms]
2025-09-10 09:10:26.053 [info] > git for-each-ref --sort -committerdate --format %(refname)%00%(objectname)%00%(*objectname) [67ms]
2025-09-10 09:10:26.092 [info] > git status -z -uall [197ms]
2025-09-10 09:10:31.188 [info] [Git][getWorktreesFS] Worktree detection is disabled, skipping worktree detection
2025-09-10 09:10:31.494 [info] > git config --get commit.template [43ms]
2025-09-10 09:10:31.692 [info] > git for-each-ref --format=%(refname)%00%(upstream:short)%00%(objectname)%00%(upstream:track)%00%(upstream:remotename)%00%(upstream:remoteref) refs/heads/main refs/remotes/main [34ms]
2025-09-10 09:10:32.160 [info] > git for-each-ref --sort -committerdate --format %(refname)%00%(objectname)%00%(*objectname) [68ms]
2025-09-10 09:10:32.392 [info] > git status -z -uall [438ms]
2025-09-10 09:10:33.388 [info] > git show --textconv :week2_riscv_assignments/extract_zip_files.py [127ms]
2025-09-10 09:10:33.393 [warning] [GitFileSystemProvider][readFile] File not found - git:/home/vsysuser/workspace/week2_riscv_assignments/extract_zip_files.py.git?%7B%22path%22%3A%22%2Fhome%2Fvsysuser%2Fworkspace%2Fweek2_riscv_assignments%2Fextract_zip_files.py%22%2C%22ref%22%3A%22%22%7D
2025-09-10 09:10:33.456 [info] > git ls-files --stage -- week2_riscv_assignments/extract_zip_files.py [71ms]
2025-09-10 09:10:33.458 [warning] [GitFileSystemProvider][stat] File not found - git:/home/vsysuser/workspace/week2_riscv_assignments/extract_zip_files.py.git?%7B%22path%22%3A%22%2Fhome%2Fvsysuser%2Fworkspace%2Fweek2_riscv_assignments%2Fextract_zip_files.py%22%2C%22ref%22%3A%22%22%7D
2025-09-10 09:10:33.956 [info] > git blame --root --incremental 7cec3caaf16d1d468ce8984ba5d73dec8f3171ae -- week2_riscv_assignments/extract_zip_files.py [63ms]
2025-09-10 09:10:33.956 [info] fatal: no such path week2_riscv_assignments/extract_zip_files.py in 7cec3caaf16d1d468ce8984ba5d73dec8f3171ae
2025-09-10 09:12:28.366 [info] [Git][getWorktreesFS] Worktree detection is disabled, skipping worktree detection
2025-09-10 09:12:28.386 [info] > git config --get commit.template [11ms]
2025-09-10 09:12:28.389 [info] > git for-each-ref --format=%(refname)%00%(upstream:short)%00%(objectname)%00%(upstream:track)%00%(upstream:remotename)%00%(upstream:remoteref) refs/heads/main refs/remotes/main [3ms]
2025-09-10 09:12:28.554 [info] > git for-each-ref --sort -committerdate --format %(refname)%00%(objectname)%00%(*objectname) [5ms]
2025-09-10 09:12:28.586 [info] > git status -z -uall [189ms]
2025-09-10 09:12:33.599 [info] [Git][getWorktreesFS] Worktree detection is disabled, skipping worktree detection
2025-09-10 09:12:33.616 [info] > git config --get commit.template [9ms]
2025-09-10 09:12:33.618 [info] > git for-each-ref --format=%(refname)%00%(upstream:short)%00%(objectname)%00%(upstream:track)%00%(upstream:remotename)%00%(upstream:remoteref) refs/heads/main refs/remotes/main [4ms]
2025-09-10 09:12:33.782 [info] > git for-each-ref --sort -committerdate --format %(refname)%00%(objectname)%00%(*objectname) [81ms]
2025-09-10 09:12:33.797 [info] > git status -z -uall [170ms]
2025-09-10 09:12:50.426 [info] [Git][getWorktreesFS] Worktree detection is disabled, skipping worktree detection
2025-09-10 09:12:50.441 [info] > git config --get commit.template [8ms]
2025-09-10 09:12:50.443 [info] > git for-each-ref --format=%(refname)%00%(upstream:short)%00%(objectname)%00%(upstream:track)%00%(upstream:remotename)%00%(upstream:remoteref) refs/heads/main refs/remotes/main [3ms]
2025-09-10 09:12:50.583 [info] > git for-each-ref --sort -committerdate --format %(refname)%00%(objectname)%00%(*objectname) [33ms]
2025-09-10 09:12:50.597 [info] > git status -z -uall [146ms]
2025-09-10 09:13:00.396 [info] [Git][getWorktreesFS] Worktree detection is disabled, skipping worktree detection
2025-09-10 09:13:00.412 [info] > git config --get commit.template [7ms]
2025-09-10 09:13:00.413 [info] > git for-each-ref --format=%(refname)%00%(upstream:short)%00%(objectname)%00%(upstream:track)%00%(upstream:remotename)%00%(upstream:remoteref) refs/heads/main refs/remotes/main [2ms]
2025-09-10 09:13:00.498 [info] > git for-each-ref --sort -committerdate --format %(refname)%00%(objectname)%00%(*objectname) [4ms]
2025-09-10 09:13:00.585 [info] > git status -z -uall [166ms]
2025-09-10 09:13:05.589 [info] [Git][getWorktreesFS] Worktree detection is disabled, skipping worktree detection
2025-09-10 09:13:05.750 [info] > git config --get commit.template [152ms]
2025-09-10 09:13:05.751 [info] > git for-each-ref --format=%(refname)%00%(upstream:short)%00%(objectname)%00%(upstream:track)%00%(upstream:remotename)%00%(upstream:remoteref) refs/heads/main refs/remotes/main [54ms]
2025-09-10 09:13:05.982 [info] > git for-each-ref --sort -committerdate --format %(refname)%00%(objectname)%00%(*objectname) [82ms]
2025-09-10 09:13:06.089 [info] > git status -z -uall [295ms]
2025-09-10 09:13:19.310 [info] [Git][getWorktreesFS] Worktree detection is disabled, skipping worktree detection
2025-09-10 09:13:19.326 [info] > git config --get commit.template [8ms]
2025-09-10 09:13:19.328 [info] > git for-each-ref --format=%(refname)%00%(upstream:short)%00%(objectname)%00%(upstream:track)%00%(upstream:remotename)%00%(upstream:remoteref) refs/heads/main refs/remotes/main [4ms]
2025-09-10 09:13:19.403 [info] > git for-each-ref --sort -committerdate --format %(refname)%00%(objectname)%00%(*objectname) [10ms]
2025-09-10 09:13:19.496 [info] > git status -z -uall [161ms]
2025-09-10 09:13:21.643 [info] [Git][getWorktreesFS] Worktree detection is disabled, skipping worktree detection
2025-09-10 09:13:21.681 [info] > git config --get commit.template [33ms]
2025-09-10 09:13:21.682 [info] > git for-each-ref --format=%(refname)%00%(upstream:short)%00%(objectname)%00%(upstream:track)%00%(upstream:remotename)%00%(upstream:remoteref) refs/heads/main refs/remotes/main [27ms]
2025-09-10 09:13:21.790 [info] > git for-each-ref --sort -committerdate --format %(refname)%00%(objectname)%00%(*objectname) [5ms]
2025-09-10 09:13:21.809 [info] > git status -z -uall [120ms]
2025-09-10 09:13:29.679 [info] [Git][getWorktreesFS] Worktree detection is disabled, skipping worktree detection
2025-09-10 09:13:29.693 [info] > git config --get commit.template [8ms]
2025-09-10 09:13:29.695 [info] > git for-each-ref --format=%(refname)%00%(upstream:short)%00%(objectname)%00%(upstream:track)%00%(upstream:remotename)%00%(upstream:remoteref) refs/heads/main refs/remotes/main [3ms]
2025-09-10 09:13:29.882 [info] > git for-each-ref --sort -committerdate --format %(refname)%00%(objectname)%00%(*objectname) [90ms]
2025-09-10 09:13:30.190 [info] > git status -z -uall [489ms]
2025-09-10 09:13:32.221 [info] [Git][getWorktreesFS] Worktree detection is disabled, skipping worktree detection
2025-09-10 09:13:32.233 [info] > git config --get commit.template [7ms]
2025-09-10 09:13:32.235 [info] > git for-each-ref --format=%(refname)%00%(upstream:short)%00%(objectname)%00%(upstream:track)%00%(upstream:remotename)%00%(upstream:remoteref) refs/heads/main refs/remotes/main [3ms]
2025-09-10 09:13:32.291 [info] > git for-each-ref --sort -committerdate --format %(refname)%00%(objectname)%00%(*objectname) [6ms]
2025-09-10 09:13:32.350 [info] > git status -z -uall [110ms]
2025-09-10 09:13:35.197 [info] [Git][getWorktreesFS] Worktree detection is disabled, skipping worktree detection
2025-09-10 09:13:35.209 [info] > git config --get commit.template [7ms]
2025-09-10 09:13:35.211 [info] > git for-each-ref --format=%(refname)%00%(upstream:short)%00%(objectname)%00%(upstream:track)%00%(upstream:remotename)%00%(upstream:remoteref) refs/heads/main refs/remotes/main [3ms]
2025-09-10 09:13:35.285 [info] > git for-each-ref --sort -committerdate --format %(refname)%00%(objectname)%00%(*objectname) [4ms]
2025-09-10 09:13:35.383 [info] > git status -z -uall [164ms]
2025-09-10 09:13:45.466 [info] [Git][getWorktreesFS] Worktree detection is disabled, skipping worktree detection
2025-09-10 09:13:45.478 [info] > git config --get commit.template [7ms]
2025-09-10 09:13:45.480 [info] > git for-each-ref --format=%(refname)%00%(upstream:short)%00%(objectname)%00%(upstream:track)%00%(upstream:remotename)%00%(upstream:remoteref) refs/heads/main refs/remotes/main [2ms]
2025-09-10 09:13:45.559 [info] > git for-each-ref --sort -committerdate --format %(refname)%00%(objectname)%00%(*objectname) [4ms]
2025-09-10 09:13:45.602 [info] > git status -z -uall [117ms]
2025-09-10 09:13:50.605 [info] [Git][getWorktreesFS] Worktree detection is disabled, skipping worktree detection
2025-09-10 09:13:50.615 [info] > git config --get commit.template [3ms]
2025-09-10 09:13:50.623 [info] > git for-each-ref --format=%(refname)%00%(upstream:short)%00%(objectname)%00%(upstream:track)%00%(upstream:remotename)%00%(upstream:remoteref) refs/heads/main refs/remotes/main [3ms]
2025-09-10 09:13:50.699 [info] > git for-each-ref --sort -committerdate --format %(refname)%00%(objectname)%00%(*objectname) [6ms]
2025-09-10 09:13:50.791 [info] > git status -z -uall [162ms]
2025-09-10 09:15:15.267 [info] [Git][getWorktreesFS] Worktree detection is disabled, skipping worktree detection
2025-09-10 09:15:15.278 [info] > git config --get commit.template [3ms]
2025-09-10 09:15:15.286 [info] > git for-each-ref --format=%(refname)%00%(upstream:short)%00%(objectname)%00%(upstream:track)%00%(upstream:remotename)%00%(upstream:remoteref) refs/heads/main refs/remotes/main [3ms]
2025-09-10 09:15:15.393 [info] > git for-each-ref --sort -committerdate --format %(refname)%00%(objectname)%00%(*objectname) [6ms]
2025-09-10 09:15:15.461 [info] > git status -z -uall [170ms]
2025-09-10 09:15:20.468 [info] [Git][getWorktreesFS] Worktree detection is disabled, skipping worktree detection
2025-09-10 09:15:20.484 [info] > git config --get commit.template [9ms]
2025-09-10 09:15:20.486 [info] > git for-each-ref --format=%(refname)%00%(upstream:short)%00%(objectname)%00%(upstream:track)%00%(upstream:remotename)%00%(upstream:remoteref) refs/heads/main refs/remotes/main [4ms]
2025-09-10 09:15:20.594 [info] > git for-each-ref --sort -committerdate --format %(refname)%00%(objectname)%00%(*objectname) [8ms]
2025-09-10 09:15:20.666 [info] > git status -z -uall [172ms]
2025-09-10 09:15:45.033 [info] [Git][getWorktreesFS] Worktree detection is disabled, skipping worktree detection
2025-09-10 09:15:45.581 [info] > git config --get commit.template [4ms]
2025-09-10 09:15:45.666 [info] > git for-each-ref --format=%(refname)%00%(upstream:short)%00%(objectname)%00%(upstream:track)%00%(upstream:remotename)%00%(upstream:remoteref) refs/heads/main refs/remotes/main [76ms]
2025-09-10 09:15:45.782 [info] > git for-each-ref --sort -committerdate --format %(refname)%00%(objectname)%00%(*objectname) [27ms]
2025-09-10 09:15:45.889 [info] > git status -z -uall [216ms]
2025-09-10 09:15:45.893 [info] [Git][getWorktreesFS] Worktree detection is disabled, skipping worktree detection
2025-09-10 09:15:45.964 [info] > git config --get commit.template [9ms]
2025-09-10 09:15:45.966 [info] > git for-each-ref --format=%(refname)%00%(upstream:short)%00%(objectname)%00%(upstream:track)%00%(upstream:remotename)%00%(upstream:remoteref) refs/heads/main refs/remotes/main [3ms]
2025-09-10 09:15:46.183 [info] > git for-each-ref --sort -committerdate --format %(refname)%00%(objectname)%00%(*objectname) [121ms]
2025-09-10 09:15:46.194 [info] > git status -z -uall [210ms]
2025-09-10 09:15:51.198 [info] [Git][getWorktreesFS] Worktree detection is disabled, skipping worktree detection
2025-09-10 09:15:51.217 [info] > git config --get commit.template [11ms]
2025-09-10 09:15:51.219 [info] > git for-each-ref --format=%(refname)%00%(upstream:short)%00%(objectname)%00%(upstream:track)%00%(upstream:remotename)%00%(upstream:remoteref) refs/heads/main refs/remotes/main [3ms]
2025-09-10 09:15:51.307 [info] > git for-each-ref --sort -committerdate --format %(refname)%00%(objectname)%00%(*objectname) [5ms]
2025-09-10 09:15:51.400 [info] > git status -z -uall [175ms]
2025-09-10 09:16:12.242 [info] [Git][getWorktreesFS] Worktree detection is disabled, skipping worktree detection
2025-09-10 09:16:12.252 [info] > git config --get commit.template [3ms]
2025-09-10 09:16:12.261 [info] > git for-each-ref --format=%(refname)%00%(upstream:short)%00%(objectname)%00%(upstream:track)%00%(upstream:remotename)%00%(upstream:remoteref) refs/heads/main refs/remotes/main [3ms]
2025-09-10 09:16:12.361 [info] > git for-each-ref --sort -committerdate --format %(refname)%00%(objectname)%00%(*objectname) [76ms]
2025-09-10 09:16:12.451 [info] > git status -z -uall [183ms]
2025-09-10 09:16:24.818 [info] [Git][getWorktreesFS] Worktree detection is disabled, skipping worktree detection
2025-09-10 09:16:24.829 [info] > git config --get commit.template [3ms]
2025-09-10 09:16:24.839 [info] > git for-each-ref --format=%(refname)%00%(upstream:short)%00%(objectname)%00%(upstream:track)%00%(upstream:remotename)%00%(upstream:remoteref) refs/heads/main refs/remotes/main [3ms]
2025-09-10 09:16:24.985 [info] > git for-each-ref --sort -committerdate --format %(refname)%00%(objectname)%00%(*objectname) [84ms]
2025-09-10 09:16:25.002 [info] > git status -z -uall [154ms]
2025-09-10 09:16:29.769 [info] [Git][getWorktreesFS] Worktree detection is disabled, skipping worktree detection
2025-09-10 09:16:29.780 [info] > git config --get commit.template [4ms]
2025-09-10 09:16:29.789 [info] > git for-each-ref --format=%(refname)%00%(upstream:short)%00%(objectname)%00%(upstream:track)%00%(upstream:remotename)%00%(upstream:remoteref) refs/heads/main refs/remotes/main [3ms]
2025-09-10 09:16:29.888 [info] > git for-each-ref --sort -committerdate --format %(refname)%00%(objectname)%00%(*objectname) [4ms]
2025-09-10 09:16:29.954 [info] > git status -z -uall [159ms]
2025-09-10 09:16:30.006 [info] [Git][getWorktreesFS] Worktree detection is disabled, skipping worktree detection
2025-09-10 09:16:30.020 [info] > git config --get commit.template [7ms]
2025-09-10 09:16:30.022 [info] > git for-each-ref --format=%(refname)%00%(upstream:short)%00%(objectname)%00%(upstream:track)%00%(upstream:remotename)%00%(upstream:remoteref) refs/heads/main refs/remotes/main [3ms]
2025-09-10 09:16:30.195 [info] > git for-each-ref --sort -committerdate --format %(refname)%00%(objectname)%00%(*objectname) [94ms]
2025-09-10 09:16:30.196 [info] > git status -z -uall [167ms]
2025-09-10 09:18:36.436 [info] [Git][getWorktreesFS] Worktree detection is disabled, skipping worktree detection
2025-09-10 09:18:36.459 [info] > git config --get commit.template [13ms]
2025-09-10 09:18:36.460 [info] > git for-each-ref --format=%(refname)%00%(upstream:short)%00%(objectname)%00%(upstream:track)%00%(upstream:remotename)%00%(upstream:remoteref) refs/heads/main refs/remotes/main [3ms]
2025-09-10 09:18:36.652 [info] > git for-each-ref --sort -committerdate --format %(refname)%00%(objectname)%00%(*objectname) [60ms]
2025-09-10 09:18:36.689 [info] > git status -z -uall [200ms]
2025-09-10 09:18:50.237 [info] [Git][getWorktreesFS] Worktree detection is disabled, skipping worktree detection
2025-09-10 09:18:50.257 [info] > git config --get commit.template [12ms]
2025-09-10 09:18:50.258 [info] > git for-each-ref --format=%(refname)%00%(upstream:short)%00%(objectname)%00%(upstream:track)%00%(upstream:remotename)%00%(upstream:remoteref) refs/heads/main refs/remotes/main [5ms]
2025-09-10 09:18:50.359 [info] > git for-each-ref --sort -committerdate --format %(refname)%00%(objectname)%00%(*objectname) [6ms]
2025-09-10 09:18:50.401 [info] > git status -z -uall [135ms]
2025-09-10 09:18:55.453 [info] [Git][getWorktreesFS] Worktree detection is disabled, skipping worktree detection
2025-09-10 09:18:55.469 [info] > git config --get commit.template [8ms]
2025-09-10 09:18:55.470 [info] > git for-each-ref --format=%(refname)%00%(upstream:short)%00%(objectname)%00%(upstream:track)%00%(upstream:remotename)%00%(upstream:remoteref) refs/heads/main refs/remotes/main [3ms]
2025-09-10 09:18:55.567 [info] > git for-each-ref --sort -committerdate --format %(refname)%00%(objectname)%00%(*objectname) [6ms]
2025-09-10 09:18:55.653 [info] > git status -z -uall [175ms]
2025-09-10 09:19:17.061 [info] [Git][getWorktreesFS] Worktree detection is disabled, skipping worktree detection
2025-09-10 09:19:17.082 [info] > git config --get commit.template [12ms]
2025-09-10 09:19:17.085 [info] > git for-each-ref --format=%(refname)%00%(upstream:short)%00%(objectname)%00%(upstream:track)%00%(upstream:remotename)%00%(upstream:remoteref) refs/heads/main refs/remotes/main [4ms]
2025-09-10 09:19:17.258 [info] > git for-each-ref --sort -committerdate --format %(refname)%00%(objectname)%00%(*objectname) [7ms]
2025-09-10 09:19:17.293 [info] > git status -z -uall [139ms]
2025-09-10 09:19:22.355 [info] [Git][getWorktreesFS] Worktree detection is disabled, skipping worktree detection
2025-09-10 09:19:22.370 [info] > git config --get commit.template [9ms]
2025-09-10 09:19:22.372 [info] > git for-each-ref --format=%(refname)%00%(upstream:short)%00%(objectname)%00%(upstream:track)%00%(upstream:remotename)%00%(upstream:remoteref) refs/heads/main refs/remotes/main [2ms]
2025-09-10 09:19:22.482 [info] > git for-each-ref --sort -committerdate --format %(refname)%00%(objectname)%00%(*objectname) [16ms]
2025-09-10 09:19:22.561 [info] > git status -z -uall [182ms]
2025-09-10 09:19:31.358 [info] [Git][getWorktreesFS] Worktree detection is disabled, skipping worktree detection
2025-09-10 09:19:31.372 [info] > git config --get commit.template [8ms]
2025-09-10 09:19:31.374 [info] > git for-each-ref --format=%(refname)%00%(upstream:short)%00%(objectname)%00%(upstream:track)%00%(upstream:remotename)%00%(upstream:remoteref) refs/heads/main refs/remotes/main [3ms]
2025-09-10 09:19:31.554 [info] > git for-each-ref --sort -committerdate --format %(refname)%00%(objectname)%00%(*objectname) [68ms]
2025-09-10 09:19:31.559 [info] > git status -z -uall [178ms]
2025-09-10 09:19:33.172 [info] [Git][getWorktreesFS] Worktree detection is disabled, skipping worktree detection
2025-09-10 09:19:33.182 [info] > git config --get commit.template [3ms]
2025-09-10 09:19:33.191 [info] > git for-each-ref --format=%(refname)%00%(upstream:short)%00%(objectname)%00%(upstream:track)%00%(upstream:remotename)%00%(upstream:remoteref) refs/heads/main refs/remotes/main [3ms]
2025-09-10 09:19:33.291 [info] > git for-each-ref --sort -committerdate --format %(refname)%00%(objectname)%00%(*objectname) [3ms]
2025-09-10 09:19:33.357 [info] > git status -z -uall [159ms]
2025-09-10 09:19:40.991 [info] [Git][getWorktreesFS] Worktree detection is disabled, skipping worktree detection
2025-09-10 09:19:41.009 [info] > git config --get commit.template [10ms]
2025-09-10 09:19:41.009 [info] > git for-each-ref --format=%(refname)%00%(upstream:short)%00%(objectname)%00%(upstream:track)%00%(upstream:remotename)%00%(upstream:remoteref) refs/heads/main refs/remotes/main [4ms]
2025-09-10 09:19:41.104 [info] > git for-each-ref --sort -committerdate --format %(refname)%00%(objectname)%00%(*objectname) [5ms]
2025-09-10 09:19:41.194 [info] > git status -z -uall [178ms]
2025-09-10 09:19:46.197 [info] [Git][getWorktreesFS] Worktree detection is disabled, skipping worktree detection
2025-09-10 09:19:46.213 [info] > git config --get commit.template [9ms]
2025-09-10 09:19:46.215 [info] > git for-each-ref --format=%(refname)%00%(upstream:short)%00%(objectname)%00%(upstream:track)%00%(upstream:remotename)%00%(upstream:remoteref) refs/heads/main refs/remotes/main [2ms]
2025-09-10 09:19:46.298 [info] > git for-each-ref --sort -committerdate --format %(refname)%00%(objectname)%00%(*objectname) [14ms]
2025-09-10 09:19:46.389 [info] > git status -z -uall [167ms]
2025-09-10 09:19:54.210 [info] [Git][getWorktreesFS] Worktree detection is disabled, skipping worktree detection
2025-09-10 09:19:54.220 [info] > git config --get commit.template [2ms]
2025-09-10 09:19:54.228 [info] > git for-each-ref --format=%(refname)%00%(upstream:short)%00%(objectname)%00%(upstream:track)%00%(upstream:remotename)%00%(upstream:remoteref) refs/heads/main refs/remotes/main [2ms]
2025-09-10 09:19:54.296 [info] > git for-each-ref --sort -committerdate --format %(refname)%00%(objectname)%00%(*objectname) [6ms]
2025-09-10 09:19:54.386 [info] > git status -z -uall [151ms]
2025-09-10 09:20:10.889 [info] [Git][getWorktreesFS] Worktree detection is disabled, skipping worktree detection
2025-09-10 09:20:10.904 [info] > git config --get commit.template [8ms]
2025-09-10 09:20:10.906 [info] > git for-each-ref --format=%(refname)%00%(upstream:short)%00%(objectname)%00%(upstream:track)%00%(upstream:remotename)%00%(upstream:remoteref) refs/heads/main refs/remotes/main [3ms]
2025-09-10 09:20:10.999 [info] > git for-each-ref --sort -committerdate --format %(refname)%00%(objectname)%00%(*objectname) [2ms]
2025-09-10 09:20:11.086 [info] > git status -z -uall [173ms]
2025-09-10 09:20:16.090 [info] [Git][getWorktreesFS] Worktree detection is disabled, skipping worktree detection
2025-09-10 09:20:16.107 [info] > git config --get commit.template [9ms]
2025-09-10 09:20:16.108 [info] > git for-each-ref --format=%(refname)%00%(upstream:short)%00%(objectname)%00%(upstream:track)%00%(upstream:remotename)%00%(upstream:remoteref) refs/heads/main refs/remotes/main [3ms]
2025-09-10 09:20:16.193 [info] > git for-each-ref --sort -committerdate --format %(refname)%00%(objectname)%00%(*objectname) [1ms]
2025-09-10 09:20:16.285 [info] > git status -z -uall [170ms]
2025-09-10 09:20:30.492 [info] [Git][getWorktreesFS] Worktree detection is disabled, skipping worktree detection
2025-09-10 09:20:30.510 [info] > git config --get commit.template [10ms]
2025-09-10 09:20:30.511 [info] > git for-each-ref --format=%(refname)%00%(upstream:short)%00%(objectname)%00%(upstream:track)%00%(upstream:remotename)%00%(upstream:remoteref) refs/heads/main refs/remotes/main [3ms]
2025-09-10 09:20:30.602 [info] > git for-each-ref --sort -committerdate --format %(refname)%00%(objectname)%00%(*objectname) [5ms]
2025-09-10 09:20:30.692 [info] > git status -z -uall [173ms]
2025-09-10 09:20:38.280 [info] [Git][getWorktreesFS] Worktree detection is disabled, skipping worktree detection
2025-09-10 09:20:38.292 [info] > git config --get commit.template [3ms]
2025-09-10 09:20:38.302 [info] > git for-each-ref --format=%(refname)%00%(upstream:short)%00%(objectname)%00%(upstream:track)%00%(upstream:remotename)%00%(upstream:remoteref) refs/heads/main refs/remotes/main [3ms]
2025-09-10 09:20:38.451 [info] > git for-each-ref --sort -committerdate --format %(refname)%00%(objectname)%00%(*objectname) [52ms]
2025-09-10 09:20:38.498 [info] > git status -z -uall [189ms]
2025-09-10 09:21:04.145 [info] [Git][getWorktreesFS] Worktree detection is disabled, skipping worktree detection
2025-09-10 09:21:04.157 [info] > git config --get commit.template [3ms]
2025-09-10 09:21:04.167 [info] > git for-each-ref --format=%(refname)%00%(upstream:short)%00%(objectname)%00%(upstream:track)%00%(upstream:remotename)%00%(upstream:remoteref) refs/heads/main refs/remotes/main [2ms]
2025-09-10 09:21:04.264 [info] > git for-each-ref --sort -committerdate --format %(refname)%00%(objectname)%00%(*objectname) [1ms]
2025-09-10 09:21:04.351 [info] > git status -z -uall [178ms]
2025-09-10 09:22:31.160 [info] [Git][getWorktreesFS] Worktree detection is disabled, skipping worktree detection
2025-09-10 09:22:31.181 [info] > git config --get commit.template [11ms]
2025-09-10 09:22:31.183 [info] > git for-each-ref --format=%(refname)%00%(upstream:short)%00%(objectname)%00%(upstream:track)%00%(upstream:remotename)%00%(upstream:remoteref) refs/heads/main refs/remotes/main [4ms]
2025-09-10 09:22:31.354 [info] > git for-each-ref --sort -committerdate --format %(refname)%00%(objectname)%00%(*objectname) [3ms]
2025-09-10 09:22:31.382 [info] > git status -z -uall [191ms]
2025-09-10 09:22:52.834 [info] [Git][getWorktreesFS] Worktree detection is disabled, skipping worktree detection
2025-09-10 09:22:52.852 [info] > git config --get commit.template [10ms]
2025-09-10 09:22:52.853 [info] > git for-each-ref --format=%(refname)%00%(upstream:short)%00%(objectname)%00%(upstream:track)%00%(upstream:remotename)%00%(upstream:remoteref) refs/heads/main refs/remotes/main [3ms]
2025-09-10 09:22:52.953 [info] > git for-each-ref --sort -committerdate --format %(refname)%00%(objectname)%00%(*objectname) [60ms]
2025-09-10 09:22:52.991 [info] > git status -z -uall [132ms]
2025-09-10 09:22:57.997 [info] [Git][getWorktreesFS] Worktree detection is disabled, skipping worktree detection
2025-09-10 09:22:58.016 [info] > git config --get commit.template [10ms]
2025-09-10 09:22:58.018 [info] > git for-each-ref --format=%(refname)%00%(upstream:short)%00%(objectname)%00%(upstream:track)%00%(upstream:remotename)%00%(upstream:remoteref) refs/heads/main refs/remotes/main [3ms]
2025-09-10 09:22:58.190 [info] > git for-each-ref --sort -committerdate --format %(refname)%00%(objectname)%00%(*objectname) [6ms]
2025-09-10 09:22:58.203 [info] > git status -z -uall [173ms]
2025-09-10 09:23:03.206 [info] [Git][getWorktreesFS] Worktree detection is disabled, skipping worktree detection
2025-09-10 09:23:03.222 [info] > git config --get commit.template [8ms]
2025-09-10 09:23:03.224 [info] > git for-each-ref --format=%(refname)%00%(upstream:short)%00%(objectname)%00%(upstream:track)%00%(upstream:remotename)%00%(upstream:remoteref) refs/heads/main refs/remotes/main [4ms]
2025-09-10 09:23:03.302 [info] > git for-each-ref --sort -committerdate --format %(refname)%00%(objectname)%00%(*objectname) [6ms]
2025-09-10 09:23:03.387 [info] > git status -z -uall [156ms]
2025-09-10 09:23:08.392 [info] [Git][getWorktreesFS] Worktree detection is disabled, skipping worktree detection
2025-09-10 09:23:08.406 [info] > git config --get commit.template [8ms]
2025-09-10 09:23:08.408 [info] > git for-each-ref --format=%(refname)%00%(upstream:short)%00%(objectname)%00%(upstream:track)%00%(upstream:remotename)%00%(upstream:remoteref) refs/heads/main refs/remotes/main [3ms]
2025-09-10 09:23:08.500 [info] > git for-each-ref --sort -committerdate --format %(refname)%00%(objectname)%00%(*objectname) [7ms]
2025-09-10 09:23:08.584 [info] > git status -z -uall [170ms]
2025-09-10 09:23:13.589 [info] [Git][getWorktreesFS] Worktree detection is disabled, skipping worktree detection
2025-09-10 09:23:13.606 [info] > git config --get commit.template [9ms]
2025-09-10 09:23:13.608 [info] > git for-each-ref --format=%(refname)%00%(upstream:short)%00%(objectname)%00%(upstream:track)%00%(upstream:remotename)%00%(upstream:remoteref) refs/heads/main refs/remotes/main [4ms]
2025-09-10 09:23:13.705 [info] > git for-each-ref --sort -committerdate --format %(refname)%00%(objectname)%00%(*objectname) [9ms]
2025-09-10 09:23:13.796 [info] > git status -z -uall [181ms]
2025-09-10 09:23:18.801 [info] [Git][getWorktreesFS] Worktree detection is disabled, skipping worktree detection
2025-09-10 09:23:18.818 [info] > git config --get commit.template [9ms]
2025-09-10 09:23:18.820 [info] > git for-each-ref --format=%(refname)%00%(upstream:short)%00%(objectname)%00%(upstream:track)%00%(upstream:remotename)%00%(upstream:remoteref) refs/heads/main refs/remotes/main [3ms]
2025-09-10 09:23:18.903 [info] > git for-each-ref --sort -committerdate --format %(refname)%00%(objectname)%00%(*objectname) [5ms]
2025-09-10 09:23:18.999 [info] > git status -z -uall [171ms]
2025-09-10 09:23:24.004 [info] [Git][getWorktreesFS] Worktree detection is disabled, skipping worktree detection
2025-09-10 09:23:24.023 [info] > git config --get commit.template [11ms]
2025-09-10 09:23:24.023 [info] > git for-each-ref --format=%(refname)%00%(upstream:short)%00%(objectname)%00%(upstream:track)%00%(upstream:remotename)%00%(upstream:remoteref) refs/heads/main refs/remotes/main [3ms]
2025-09-10 09:23:24.182 [info] > git for-each-ref --sort -committerdate --format %(refname)%00%(objectname)%00%(*objectname) [86ms]
2025-09-10 09:23:24.202 [info] > git status -z -uall [171ms]
2025-09-10 09:23:29.205 [info] [Git][getWorktreesFS] Worktree detection is disabled, skipping worktree detection
2025-09-10 09:23:29.221 [info] > git config --get commit.template [9ms]
2025-09-10 09:23:29.224 [info] > git for-each-ref --format=%(refname)%00%(upstream:short)%00%(objectname)%00%(upstream:track)%00%(upstream:remotename)%00%(upstream:remoteref) refs/heads/main refs/remotes/main [5ms]
2025-09-10 09:23:29.303 [info] > git for-each-ref --sort -committerdate --format %(refname)%00%(objectname)%00%(*objectname) [7ms]
2025-09-10 09:23:29.395 [info] > git status -z -uall [164ms]
2025-09-10 09:23:34.399 [info] [Git][getWorktreesFS] Worktree detection is disabled, skipping worktree detection
2025-09-10 09:23:34.412 [info] > git config --get commit.template [4ms]
2025-09-10 09:23:34.484 [info] > git for-each-ref --format=%(refname)%00%(upstream:short)%00%(objectname)%00%(upstream:track)%00%(upstream:remotename)%00%(upstream:remoteref) refs/heads/main refs/remotes/main [56ms]
2025-09-10 09:23:34.596 [info] > git for-each-ref --sort -committerdate --format %(refname)%00%(objectname)%00%(*objectname) [4ms]
2025-09-10 09:23:34.613 [info] > git status -z -uall [121ms]
2025-09-10 09:23:39.687 [info] [Git][getWorktreesFS] Worktree detection is disabled, skipping worktree detection
2025-09-10 09:23:39.703 [info] > git config --get commit.template [9ms]
2025-09-10 09:23:39.705 [info] > git for-each-ref --format=%(refname)%00%(upstream:short)%00%(objectname)%00%(upstream:track)%00%(upstream:remotename)%00%(upstream:remoteref) refs/heads/main refs/remotes/main [3ms]
2025-09-10 09:23:39.803 [info] > git for-each-ref --sort -committerdate --format %(refname)%00%(objectname)%00%(*objectname) [7ms]
2025-09-10 09:23:39.892 [info] > git status -z -uall [180ms]
2025-09-10 09:23:44.896 [info] [Git][getWorktreesFS] Worktree detection is disabled, skipping worktree detection
2025-09-10 09:23:44.918 [info] > git config --get commit.template [12ms]
2025-09-10 09:23:44.918 [info] > git for-each-ref --format=%(refname)%00%(upstream:short)%00%(objectname)%00%(upstream:track)%00%(upstream:remotename)%00%(upstream:remoteref) refs/heads/main refs/remotes/main [4ms]
2025-09-10 09:23:45.083 [info] > git for-each-ref --sort -committerdate --format %(refname)%00%(objectname)%00%(*objectname) [34ms]
2025-09-10 09:23:45.098 [info] > git status -z -uall [171ms]
2025-09-10 09:23:50.102 [info] [Git][getWorktreesFS] Worktree detection is disabled, skipping worktree detection
2025-09-10 09:23:50.116 [info] > git config --get commit.template [8ms]
2025-09-10 09:23:50.117 [info] > git for-each-ref --format=%(refname)%00%(upstream:short)%00%(objectname)%00%(upstream:track)%00%(upstream:remotename)%00%(upstream:remoteref) refs/heads/main refs/remotes/main [2ms]
2025-09-10 09:23:50.202 [info] > git for-each-ref --sort -committerdate --format %(refname)%00%(objectname)%00%(*objectname) [3ms]
2025-09-10 09:23:50.292 [info] > git status -z -uall [166ms]
2025-09-10 09:23:55.298 [info] [Git][getWorktreesFS] Worktree detection is disabled, skipping worktree detection
2025-09-10 09:23:55.313 [info] > git config --get commit.template [9ms]
2025-09-10 09:23:55.314 [info] > git for-each-ref --format=%(refname)%00%(upstream:short)%00%(objectname)%00%(upstream:track)%00%(upstream:remotename)%00%(upstream:remoteref) refs/heads/main refs/remotes/main [4ms]
2025-09-10 09:23:55.398 [info] > git for-each-ref --sort -committerdate --format %(refname)%00%(objectname)%00%(*objectname) [9ms]
2025-09-10 09:23:55.483 [info] > git status -z -uall [162ms]
2025-09-10 09:24:06.111 [info] [Git][getWorktreesFS] Worktree detection is disabled, skipping worktree detection
2025-09-10 09:24:06.130 [info] > git config --get commit.template [11ms]
2025-09-10 09:24:06.133 [info] > git for-each-ref --format=%(refname)%00%(upstream:short)%00%(objectname)%00%(upstream:track)%00%(upstream:remotename)%00%(upstream:remoteref) refs/heads/main refs/remotes/main [3ms]
2025-09-10 09:24:06.289 [info] > git for-each-ref --sort -committerdate --format %(refname)%00%(objectname)%00%(*objectname) [7ms]
2025-09-10 09:24:06.300 [info] > git status -z -uall [160ms]
2025-09-10 09:24:11.304 [info] [Git][getWorktreesFS] Worktree detection is disabled, skipping worktree detection
2025-09-10 09:24:11.321 [info] > git config --get commit.template [9ms]
2025-09-10 09:24:11.324 [info] > git for-each-ref --format=%(refname)%00%(upstream:short)%00%(objectname)%00%(upstream:track)%00%(upstream:remotename)%00%(upstream:remoteref) refs/heads/main refs/remotes/main [5ms]
2025-09-10 09:24:11.490 [info] > git for-each-ref --sort -committerdate --format %(refname)%00%(objectname)%00%(*objectname) [4ms]
2025-09-10 09:24:11.504 [info] > git status -z -uall [119ms]
2025-09-10 09:24:16.507 [info] [Git][getWorktreesFS] Worktree detection is disabled, skipping worktree detection
2025-09-10 09:24:16.523 [info] > git config --get commit.template [9ms]
2025-09-10 09:24:16.524 [info] > git for-each-ref --format=%(refname)%00%(upstream:short)%00%(objectname)%00%(upstream:track)%00%(upstream:remotename)%00%(upstream:remoteref) refs/heads/main refs/remotes/main [3ms]
2025-09-10 09:24:16.598 [info] > git for-each-ref --sort -committerdate --format %(refname)%00%(objectname)%00%(*objectname) [4ms]
2025-09-10 09:24:16.683 [info] > git status -z -uall [153ms]
2025-09-10 09:24:21.687 [info] [Git][getWorktreesFS] Worktree detection is disabled, skipping worktree detection
2025-09-10 09:24:21.702 [info] > git config --get commit.template [9ms]
2025-09-10 09:24:21.704 [info] > git for-each-ref --format=%(refname)%00%(upstream:short)%00%(objectname)%00%(upstream:track)%00%(upstream:remotename)%00%(upstream:remoteref) refs/heads/main refs/remotes/main [3ms]
2025-09-10 09:24:21.799 [info] > git for-each-ref --sort -committerdate --format %(refname)%00%(objectname)%00%(*objectname) [5ms]
2025-09-10 09:24:21.886 [info] > git status -z -uall [176ms]
2025-09-10 09:24:26.891 [info] [Git][getWorktreesFS] Worktree detection is disabled, skipping worktree detection
2025-09-10 09:24:26.910 [info] > git config --get commit.template [12ms]
2025-09-10 09:24:26.911 [info] > git for-each-ref --format=%(refname)%00%(upstream:short)%00%(objectname)%00%(upstream:track)%00%(upstream:remotename)%00%(upstream:remoteref) refs/heads/main refs/remotes/main [4ms]
2025-09-10 09:24:27.004 [info] > git for-each-ref --sort -committerdate --format %(refname)%00%(objectname)%00%(*objectname) [6ms]
2025-09-10 09:24:27.096 [info] > git status -z -uall [178ms]
2025-09-10 09:24:32.101 [info] [Git][getWorktreesFS] Worktree detection is disabled, skipping worktree detection
2025-09-10 09:24:32.119 [info] > git config --get commit.template [10ms]
2025-09-10 09:24:32.121 [info] > git for-each-ref --format=%(refname)%00%(upstream:short)%00%(objectname)%00%(upstream:track)%00%(upstream:remotename)%00%(upstream:remoteref) refs/heads/main refs/remotes/main [3ms]
2025-09-10 09:24:32.284 [info] > git for-each-ref --sort -committerdate --format %(refname)%00%(objectname)%00%(*objectname) [83ms]
2025-09-10 09:24:32.295 [info] > git status -z -uall [166ms]
2025-09-10 09:24:37.299 [info] [Git][getWorktreesFS] Worktree detection is disabled, skipping worktree detection
2025-09-10 09:24:37.315 [info] > git config --get commit.template [9ms]
2025-09-10 09:24:37.316 [info] > git for-each-ref --format=%(refname)%00%(upstream:short)%00%(objectname)%00%(upstream:track)%00%(upstream:remotename)%00%(upstream:remoteref) refs/heads/main refs/remotes/main [3ms]
2025-09-10 09:24:37.401 [info] > git for-each-ref --sort -committerdate --format %(refname)%00%(objectname)%00%(*objectname) [3ms]
2025-09-10 09:24:37.487 [info] > git status -z -uall [164ms]
2025-09-10 09:24:42.491 [info] [Git][getWorktreesFS] Worktree detection is disabled, skipping worktree detection
2025-09-10 09:24:42.505 [info] > git config --get commit.template [7ms]
2025-09-10 09:24:42.507 [info] > git for-each-ref --format=%(refname)%00%(upstream:short)%00%(objectname)%00%(upstream:track)%00%(upstream:remotename)%00%(upstream:remoteref) refs/heads/main refs/remotes/main [3ms]
2025-09-10 09:24:42.599 [info] > git for-each-ref --sort -committerdate --format %(refname)%00%(objectname)%00%(*objectname) [4ms]
2025-09-10 09:24:42.611 [info] > git status -z -uall [97ms]
2025-09-10 09:44:46.212 [info] [Git][getWorktreesFS] Worktree detection is disabled, skipping worktree detection
2025-09-10 09:44:46.227 [info] > git config --get commit.template [4ms]
2025-09-10 09:44:46.239 [info] > git for-each-ref --format=%(refname)%00%(upstream:short)%00%(objectname)%00%(upstream:track)%00%(upstream:remotename)%00%(upstream:remoteref) refs/heads/main refs/remotes/main [4ms]
2025-09-10 09:44:46.393 [info] > git for-each-ref --sort -committerdate --format %(refname)%00%(objectname)%00%(*objectname) [6ms]
2025-09-10 09:44:46.409 [info] > git status -z -uall [125ms]
2025-09-10 09:45:16.173 [info] [Git][getWorktreesFS] Worktree detection is disabled, skipping worktree detection
2025-09-10 09:45:16.191 [info] > git config --get commit.template [9ms]
2025-09-10 09:45:16.193 [info] > git for-each-ref --format=%(refname)%00%(upstream:short)%00%(objectname)%00%(upstream:track)%00%(upstream:remotename)%00%(upstream:remoteref) refs/heads/main refs/remotes/main [2ms]
2025-09-10 09:45:16.350 [info] > git for-each-ref --sort -committerdate --format %(refname)%00%(objectname)%00%(*objectname) [56ms]
2025-09-10 09:45:16.389 [info] > git status -z -uall [188ms]
2025-09-10 09:45:21.395 [info] [Git][getWorktreesFS] Worktree detection is disabled, skipping worktree detection
2025-09-10 09:45:21.488 [info] > git config --get commit.template [4ms]
2025-09-10 09:45:21.592 [info] > git for-each-ref --format=%(refname)%00%(upstream:short)%00%(objectname)%00%(upstream:track)%00%(upstream:remotename)%00%(upstream:remoteref) refs/heads/main refs/remotes/main [89ms]
2025-09-10 09:45:21.884 [info] > git for-each-ref --sort -committerdate --format %(refname)%00%(objectname)%00%(*objectname) [79ms]
2025-09-10 09:45:22.082 [info] > git status -z -uall [398ms]
2025-09-10 09:51:48.261 [info] [Git][getWorktreesFS] Worktree detection is disabled, skipping worktree detection
2025-09-10 09:51:48.282 [info] > git config --get commit.template [10ms]
2025-09-10 09:51:48.284 [info] > git for-each-ref --format=%(refname)%00%(upstream:short)%00%(objectname)%00%(upstream:track)%00%(upstream:remotename)%00%(upstream:remoteref) refs/heads/main refs/remotes/main [3ms]
2025-09-10 09:51:48.464 [info] > git for-each-ref --sort -committerdate --format %(refname)%00%(objectname)%00%(*objectname) [7ms]
2025-09-10 09:51:48.550 [info] > git status -z -uall [200ms]
2025-09-10 09:51:54.959 [info] [Git][getWorktreesFS] Worktree detection is disabled, skipping worktree detection
2025-09-10 09:51:54.979 [info] > git config --get commit.template [12ms]
2025-09-10 09:51:54.979 [info] > git for-each-ref --format=%(refname)%00%(upstream:short)%00%(objectname)%00%(upstream:track)%00%(upstream:remotename)%00%(upstream:remoteref) refs/heads/main refs/remotes/main [4ms]
2025-09-10 09:51:55.150 [info] > git for-each-ref --sort -committerdate --format %(refname)%00%(objectname)%00%(*objectname) [64ms]
2025-09-10 09:51:55.169 [info] > git status -z -uall [182ms]
2025-09-10 09:51:58.207 [info] > git check-ignore -v -z --stdin [4ms]
2025-09-10 09:52:01.142 [info] [Git][getWorktreesFS] Worktree detection is disabled, skipping worktree detection
2025-09-10 09:52:01.158 [info] > git config --get commit.template [9ms]
2025-09-10 09:52:01.159 [info] > git for-each-ref --format=%(refname)%00%(upstream:short)%00%(objectname)%00%(upstream:track)%00%(upstream:remotename)%00%(upstream:remoteref) refs/heads/main refs/remotes/main [2ms]
2025-09-10 09:52:01.261 [info] > git for-each-ref --sort -committerdate --format %(refname)%00%(objectname)%00%(*objectname) [1ms]
2025-09-10 09:52:01.288 [info] > git status -z -uall [122ms]
2025-09-10 09:52:03.774 [info] > git show --textconv :week2_riscv_assignments/copy_listed_files.py [10ms]
2025-09-10 09:52:03.775 [warning] [GitFileSystemProvider][readFile] File not found - git:/home/vsysuser/workspace/week2_riscv_assignments/copy_listed_files.py.git?%7B%22path%22%3A%22%2Fhome%2Fvsysuser%2Fworkspace%2Fweek2_riscv_assignments%2Fcopy_listed_files.py%22%2C%22ref%22%3A%22%22%7D
2025-09-10 09:52:03.778 [info] > git ls-files --stage -- week2_riscv_assignments/copy_listed_files.py [6ms]
2025-09-10 09:52:03.778 [warning] [GitFileSystemProvider][stat] File not found - git:/home/vsysuser/workspace/week2_riscv_assignments/copy_listed_files.py.git?%7B%22path%22%3A%22%2Fhome%2Fvsysuser%2Fworkspace%2Fweek2_riscv_assignments%2Fcopy_listed_files.py%22%2C%22ref%22%3A%22%22%7D
2025-09-10 09:52:13.461 [info] [Git][getWorktreesFS] Worktree detection is disabled, skipping worktree detection
2025-09-10 09:52:13.477 [info] > git config --get commit.template [7ms]
2025-09-10 09:52:13.478 [info] > git for-each-ref --format=%(refname)%00%(upstream:short)%00%(objectname)%00%(upstream:track)%00%(upstream:remotename)%00%(upstream:remoteref) refs/heads/main refs/remotes/main [2ms]
2025-09-10 09:52:13.586 [info] > git for-each-ref --sort -committerdate --format %(refname)%00%(objectname)%00%(*objectname) [22ms]
2025-09-10 09:52:13.655 [info] > git status -z -uall [170ms]
2025-09-10 09:52:15.458 [info] > git blame --root --incremental 7cec3caaf16d1d468ce8984ba5d73dec8f3171ae -- week2_riscv_assignments/copy_listed_files.py [3ms]
2025-09-10 09:52:15.458 [info] fatal: no such path week2_riscv_assignments/copy_listed_files.py in 7cec3caaf16d1d468ce8984ba5d73dec8f3171ae
2025-09-10 09:52:20.563 [info] [Git][getWorktreesFS] Worktree detection is disabled, skipping worktree detection
2025-09-10 09:52:20.582 [info] > git config --get commit.template [10ms]
2025-09-10 09:52:20.585 [info] > git for-each-ref --format=%(refname)%00%(upstream:short)%00%(objectname)%00%(upstream:track)%00%(upstream:remotename)%00%(upstream:remoteref) refs/heads/main refs/remotes/main [3ms]
2025-09-10 09:52:20.753 [info] > git for-each-ref --sort -committerdate --format %(refname)%00%(objectname)%00%(*objectname) [65ms]
2025-09-10 09:52:20.782 [info] > git status -z -uall [188ms]
2025-09-10 09:52:25.786 [info] [Git][getWorktreesFS] Worktree detection is disabled, skipping worktree detection
2025-09-10 09:52:25.802 [info] > git config --get commit.template [10ms]
2025-09-10 09:52:25.803 [info] > git for-each-ref --format=%(refname)%00%(upstream:short)%00%(objectname)%00%(upstream:track)%00%(upstream:remotename)%00%(upstream:remoteref) refs/heads/main refs/remotes/main [3ms]
2025-09-10 09:52:25.902 [info] > git for-each-ref --sort -committerdate --format %(refname)%00%(objectname)%00%(*objectname) [5ms]
2025-09-10 09:52:25.989 [info] > git status -z -uall [180ms]
2025-09-10 09:52:33.719 [info] [Git][getWorktreesFS] Worktree detection is disabled, skipping worktree detection
2025-09-10 09:52:33.735 [info] > git config --get commit.template [9ms]
2025-09-10 09:52:33.736 [info] > git for-each-ref --format=%(refname)%00%(upstream:short)%00%(objectname)%00%(upstream:track)%00%(upstream:remotename)%00%(upstream:remoteref) refs/heads/main refs/remotes/main [3ms]
2025-09-10 09:52:33.803 [info] > git for-each-ref --sort -committerdate --format %(refname)%00%(objectname)%00%(*objectname) [6ms]
2025-09-10 09:52:33.891 [info] > git status -z -uall [149ms]
2025-09-10 09:52:38.959 [info] [Git][getWorktreesFS] Worktree detection is disabled, skipping worktree detection
2025-09-10 09:52:39.362 [info] > git config --get commit.template [206ms]
2025-09-10 09:52:39.363 [info] > git for-each-ref --format=%(refname)%00%(upstream:short)%00%(objectname)%00%(upstream:track)%00%(upstream:remotename)%00%(upstream:remoteref) refs/heads/main refs/remotes/main [97ms]
2025-09-10 09:52:39.852 [info] > git for-each-ref --sort -committerdate --format %(refname)%00%(objectname)%00%(*objectname) [89ms]
2025-09-10 09:52:39.981 [info] > git status -z -uall [431ms]
2025-09-10 09:52:42.881 [info] > git check-ignore -v -z --stdin [77ms]
2025-09-10 09:53:20.699 [info] [Git][getWorktreesFS] Worktree detection is disabled, skipping worktree detection
2025-09-10 09:53:20.713 [info] > git config --get commit.template [7ms]
2025-09-10 09:53:20.715 [info] > git for-each-ref --format=%(refname)%00%(upstream:short)%00%(objectname)%00%(upstream:track)%00%(upstream:remotename)%00%(upstream:remoteref) refs/heads/main refs/remotes/main [3ms]
2025-09-10 09:53:20.798 [info] > git for-each-ref --sort -committerdate --format %(refname)%00%(objectname)%00%(*objectname) [4ms]
2025-09-10 09:53:20.884 [info] > git status -z -uall [162ms]
2025-09-10 09:54:29.478 [info] [Git][getWorktreesFS] Worktree detection is disabled, skipping worktree detection
2025-09-10 09:54:29.496 [info] > git config --get commit.template [9ms]
2025-09-10 09:54:29.498 [info] > git for-each-ref --format=%(refname)%00%(upstream:short)%00%(objectname)%00%(upstream:track)%00%(upstream:remotename)%00%(upstream:remoteref) refs/heads/main refs/remotes/main [3ms]
2025-09-10 09:54:29.682 [info] > git for-each-ref --sort -committerdate --format %(refname)%00%(objectname)%00%(*objectname) [82ms]
2025-09-10 09:54:29.697 [info] > git status -z -uall [191ms]
2025-09-10 09:54:37.361 [info] [Git][getWorktreesFS] Worktree detection is disabled, skipping worktree detection
2025-09-10 09:54:37.381 [info] > git config --get commit.template [9ms]
2025-09-10 09:54:37.383 [info] > git for-each-ref --format=%(refname)%00%(upstream:short)%00%(objectname)%00%(upstream:track)%00%(upstream:remotename)%00%(upstream:remoteref) refs/heads/main refs/remotes/main [4ms]
2025-09-10 09:54:37.551 [info] > git for-each-ref --sort -committerdate --format %(refname)%00%(objectname)%00%(*objectname) [64ms]
2025-09-10 09:54:37.566 [info] > git status -z -uall [176ms]
2025-09-10 09:54:42.574 [info] [Git][getWorktreesFS] Worktree detection is disabled, skipping worktree detection
2025-09-10 09:54:42.590 [info] > git config --get commit.template [10ms]
2025-09-10 09:54:42.591 [info] > git for-each-ref --format=%(refname)%00%(upstream:short)%00%(objectname)%00%(upstream:track)%00%(upstream:remotename)%00%(upstream:remoteref) refs/heads/main refs/remotes/main [3ms]
2025-09-10 09:54:42.696 [info] > git for-each-ref --sort -committerdate --format %(refname)%00%(objectname)%00%(*objectname) [6ms]
2025-09-10 09:54:42.758 [info] > git status -z -uall [158ms]
2025-09-10 09:59:38.665 [info] [Git][getWorktreesFS] Worktree detection is disabled, skipping worktree detection
2025-09-10 09:59:38.683 [info] > git config --get commit.template [8ms]
2025-09-10 09:59:38.685 [info] > git for-each-ref --format=%(refname)%00%(upstream:short)%00%(objectname)%00%(upstream:track)%00%(upstream:remotename)%00%(upstream:remoteref) refs/heads/main refs/remotes/main [3ms]
2025-09-10 09:59:38.791 [info] > git for-each-ref --sort -committerdate --format %(refname)%00%(objectname)%00%(*objectname) [4ms]
2025-09-10 09:59:38.950 [info] > git status -z -uall [259ms]
2025-09-10 10:01:12.659 [info] [Git][getWorktreesFS] Worktree detection is disabled, skipping worktree detection
2025-09-10 10:01:12.677 [info] > git config --get commit.template [8ms]
2025-09-10 10:01:12.678 [info] > git for-each-ref --format=%(refname)%00%(upstream:short)%00%(objectname)%00%(upstream:track)%00%(upstream:remotename)%00%(upstream:remoteref) refs/heads/main refs/remotes/main [2ms]
2025-09-10 10:01:12.784 [info] > git for-each-ref --sort -committerdate --format %(refname)%00%(objectname)%00%(*objectname) [19ms]
2025-09-10 10:01:12.861 [info] > git status -z -uall [176ms]
2025-09-10 10:01:17.883 [info] [Git][getWorktreesFS] Worktree detection is disabled, skipping worktree detection
2025-09-10 10:01:18.056 [info] > git config --get commit.template [100ms]
2025-09-10 10:01:18.059 [info] > git for-each-ref --format=%(refname)%00%(upstream:short)%00%(objectname)%00%(upstream:track)%00%(upstream:remotename)%00%(upstream:remoteref) refs/heads/main refs/remotes/main [9ms]
2025-09-10 10:01:18.353 [info] > git for-each-ref --sort -committerdate --format %(refname)%00%(objectname)%00%(*objectname) [67ms]
2025-09-10 10:01:18.564 [info] > git status -z -uall [410ms]
2025-09-10 10:01:23.662 [info] [Git][getWorktreesFS] Worktree detection is disabled, skipping worktree detection
2025-09-10 10:01:23.960 [info] > git config --get commit.template [110ms]
2025-09-10 10:01:24.658 [info] > git for-each-ref --format=%(refname)%00%(upstream:short)%00%(objectname)%00%(upstream:track)%00%(upstream:remotename)%00%(upstream:remoteref) refs/heads/main refs/remotes/main [272ms]
2025-09-10 10:01:25.957 [info] > git for-each-ref --sort -committerdate --format %(refname)%00%(objectname)%00%(*objectname) [399ms]
2025-09-10 10:01:26.084 [info] > git status -z -uall [697ms]
2025-09-10 10:01:31.289 [info] [Git][getWorktreesFS] Worktree detection is disabled, skipping worktree detection
2025-09-10 10:01:31.985 [info] > git config --get commit.template [335ms]
2025-09-10 10:01:32.582 [info] > git for-each-ref --format=%(refname)%00%(upstream:short)%00%(objectname)%00%(upstream:track)%00%(upstream:remotename)%00%(upstream:remoteref) refs/heads/main refs/remotes/main [422ms]
2025-09-10 10:01:34.089 [info] > git status -z -uall [526ms]
2025-09-10 10:01:34.362 [info] > git for-each-ref --sort -committerdate --format %(refname)%00%(objectname)%00%(*objectname) [603ms]
2025-09-10 10:01:39.755 [info] [Git][getWorktreesFS] Worktree detection is disabled, skipping worktree detection
2025-09-10 10:01:40.782 [info] > git config --get commit.template [990ms]
2025-09-10 10:01:41.889 [info] > git for-each-ref --format=%(refname)%00%(upstream:short)%00%(objectname)%00%(upstream:track)%00%(upstream:remotename)%00%(upstream:remoteref) refs/heads/main refs/remotes/main [600ms]
2025-09-10 10:01:42.863 [info] > git status -z -uall [364ms]
2025-09-10 10:01:42.993 [info] > git for-each-ref --sort -committerdate --format %(refname)%00%(objectname)%00%(*objectname) [343ms]
2025-09-10 10:01:48.157 [info] [Git][getWorktreesFS] Worktree detection is disabled, skipping worktree detection
2025-09-10 10:01:48.462 [info] > git config --get commit.template [298ms]
2025-09-10 10:01:48.961 [info] > git for-each-ref --format=%(refname)%00%(upstream:short)%00%(objectname)%00%(upstream:track)%00%(upstream:remotename)%00%(upstream:remoteref) refs/heads/main refs/remotes/main [300ms]
2025-09-10 10:01:49.690 [info] > git status -z -uall [301ms]
2025-09-10 10:01:49.790 [info] > git for-each-ref --sort -committerdate --format %(refname)%00%(objectname)%00%(*objectname) [303ms]
2025-09-10 10:01:54.794 [info] [Git][getWorktreesFS] Worktree detection is disabled, skipping worktree detection
2025-09-10 10:01:54.808 [info] > git config --get commit.template [8ms]
2025-09-10 10:01:54.810 [info] > git for-each-ref --format=%(refname)%00%(upstream:short)%00%(objectname)%00%(upstream:track)%00%(upstream:remotename)%00%(upstream:remoteref) refs/heads/main refs/remotes/main [2ms]
2025-09-10 10:01:54.896 [info] > git for-each-ref --sort -committerdate --format %(refname)%00%(objectname)%00%(*objectname) [4ms]
2025-09-10 10:01:54.981 [info] > git status -z -uall [165ms]
2025-09-10 10:02:12.041 [info] [Git][getWorktreesFS] Worktree detection is disabled, skipping worktree detection
2025-09-10 10:02:12.055 [info] > git config --get commit.template [7ms]
2025-09-10 10:02:12.057 [info] > git for-each-ref --format=%(refname)%00%(upstream:short)%00%(objectname)%00%(upstream:track)%00%(upstream:remotename)%00%(upstream:remoteref) refs/heads/main refs/remotes/main [3ms]
2025-09-10 10:02:12.157 [info] > git for-each-ref --sort -committerdate --format %(refname)%00%(objectname)%00%(*objectname) [3ms]
2025-09-10 10:02:12.172 [info] > git status -z -uall [110ms]
2025-09-10 10:02:17.182 [info] [Git][getWorktreesFS] Worktree detection is disabled, skipping worktree detection
2025-09-10 10:02:17.197 [info] > git config --get commit.template [7ms]
2025-09-10 10:02:17.198 [info] > git for-each-ref --format=%(refname)%00%(upstream:short)%00%(objectname)%00%(upstream:track)%00%(upstream:remotename)%00%(upstream:remoteref) refs/heads/main refs/remotes/main [2ms]
2025-09-10 10:02:17.298 [info] > git for-each-ref --sort -committerdate --format %(refname)%00%(objectname)%00%(*objectname) [2ms]
2025-09-10 10:02:17.382 [info] > git status -z -uall [177ms]
2025-09-10 10:04:37.827 [info] [Git][getWorktreesFS] Worktree detection is disabled, skipping worktree detection
2025-09-10 10:04:37.845 [info] > git config --get commit.template [8ms]
2025-09-10 10:04:37.846 [info] > git for-each-ref --format=%(refname)%00%(upstream:short)%00%(objectname)%00%(upstream:track)%00%(upstream:remotename)%00%(upstream:remoteref) refs/heads/main refs/remotes/main [2ms]
2025-09-10 10:04:37.984 [info] > git for-each-ref --sort -committerdate --format %(refname)%00%(objectname)%00%(*objectname) [34ms]
2025-09-10 10:04:37.991 [info] > git status -z -uall [138ms]
2025-09-10 10:04:58.678 [info] [Git][getWorktreesFS] Worktree detection is disabled, skipping worktree detection
2025-09-10 10:04:58.696 [info] > git config --get commit.template [10ms]
2025-09-10 10:04:58.696 [info] > git for-each-ref --format=%(refname)%00%(upstream:short)%00%(objectname)%00%(upstream:track)%00%(upstream:remotename)%00%(upstream:remoteref) refs/heads/main refs/remotes/main [3ms]
2025-09-10 10:04:58.794 [info] > git for-each-ref --sort -committerdate --format %(refname)%00%(objectname)%00%(*objectname) [5ms]
2025-09-10 10:04:58.854 [info] > git status -z -uall [152ms]
2025-09-10 10:05:03.886 [info] [Git][getWorktreesFS] Worktree detection is disabled, skipping worktree detection
2025-09-10 10:05:03.983 [info] > git config --get commit.template [27ms]
2025-09-10 10:05:04.069 [info] > git for-each-ref --format=%(refname)%00%(upstream:short)%00%(objectname)%00%(upstream:track)%00%(upstream:remotename)%00%(upstream:remoteref) refs/heads/main refs/remotes/main [14ms]
2025-09-10 10:05:04.359 [info] > git for-each-ref --sort -committerdate --format %(refname)%00%(objectname)%00%(*objectname) [98ms]
2025-09-10 10:05:04.452 [info] > git status -z -uall [297ms]
2025-09-10 10:05:09.469 [info] [Git][getWorktreesFS] Worktree detection is disabled, skipping worktree detection
2025-09-10 10:05:09.483 [info] > git config --get commit.template [8ms]
2025-09-10 10:05:09.485 [info] > git for-each-ref --format=%(refname)%00%(upstream:short)%00%(objectname)%00%(upstream:track)%00%(upstream:remotename)%00%(upstream:remoteref) refs/heads/main refs/remotes/main [2ms]
2025-09-10 10:05:09.588 [info] > git for-each-ref --sort -committerdate --format %(refname)%00%(objectname)%00%(*objectname) [5ms]
2025-09-10 10:05:09.602 [info] > git status -z -uall [110ms]
2025-09-10 10:05:14.652 [info] [Git][getWorktreesFS] Worktree detection is disabled, skipping worktree detection
2025-09-10 10:05:14.667 [info] > git config --get commit.template [9ms]
2025-09-10 10:05:14.668 [info] > git for-each-ref --format=%(refname)%00%(upstream:short)%00%(objectname)%00%(upstream:track)%00%(upstream:remotename)%00%(upstream:remoteref) refs/heads/main refs/remotes/main [4ms]
2025-09-10 10:05:14.767 [info] > git for-each-ref --sort -committerdate --format %(refname)%00%(objectname)%00%(*objectname) [5ms]
2025-09-10 10:05:14.851 [info] > git status -z -uall [177ms]
2025-09-10 10:09:31.378 [info] [Git][getWorktreesFS] Worktree detection is disabled, skipping worktree detection
2025-09-10 10:09:31.394 [info] > git config --get commit.template [2ms]
2025-09-10 10:09:31.407 [info] > git for-each-ref --format=%(refname)%00%(upstream:short)%00%(objectname)%00%(upstream:track)%00%(upstream:remotename)%00%(upstream:remoteref) refs/heads/main refs/remotes/main [2ms]
2025-09-10 10:09:31.497 [info] > git for-each-ref --sort -committerdate --format %(refname)%00%(objectname)%00%(*objectname) [5ms]
2025-09-10 10:09:31.599 [info] > git status -z -uall [179ms]
2025-09-10 10:12:40.754 [info] [Git][getWorktreesFS] Worktree detection is disabled, skipping worktree detection
2025-09-10 10:12:40.772 [info] > git config --get commit.template [9ms]
2025-09-10 10:12:40.773 [info] > git for-each-ref --format=%(refname)%00%(upstream:short)%00%(objectname)%00%(upstream:track)%00%(upstream:remotename)%00%(upstream:remoteref) refs/heads/main refs/remotes/main [3ms]
2025-09-10 10:12:40.871 [info] > git for-each-ref --sort -committerdate --format %(refname)%00%(objectname)%00%(*objectname) [3ms]
2025-09-10 10:12:40.960 [info] > git status -z -uall [181ms]
2025-09-10 10:14:40.449 [info] [Git][getWorktreesFS] Worktree detection is disabled, skipping worktree detection
2025-09-10 10:14:40.467 [info] > git config --get commit.template [10ms]
2025-09-10 10:14:40.468 [info] > git for-each-ref --format=%(refname)%00%(upstream:short)%00%(objectname)%00%(upstream:track)%00%(upstream:remotename)%00%(upstream:remoteref) refs/heads/main refs/remotes/main [3ms]
2025-09-10 10:14:40.566 [info] > git for-each-ref --sort -committerdate --format %(refname)%00%(objectname)%00%(*objectname) [2ms]
2025-09-10 10:14:40.653 [info] > git status -z -uall [179ms]
2025-09-10 10:14:51.055 [info] [Git][getWorktreesFS] Worktree detection is disabled, skipping worktree detection
2025-09-10 10:14:51.072 [info] > git config --get commit.template [8ms]
2025-09-10 10:14:51.074 [info] > git for-each-ref --format=%(refname)%00%(upstream:short)%00%(objectname)%00%(upstream:track)%00%(upstream:remotename)%00%(upstream:remoteref) refs/heads/main refs/remotes/main [3ms]
2025-09-10 10:14:51.181 [info] > git for-each-ref --sort -committerdate --format %(refname)%00%(objectname)%00%(*objectname) [19ms]
2025-09-10 10:14:51.257 [info] > git status -z -uall [177ms]
2025-09-10 10:14:56.285 [info] [Git][getWorktreesFS] Worktree detection is disabled, skipping worktree detection
2025-09-10 10:14:56.300 [info] > git config --get commit.template [3ms]
2025-09-10 10:14:56.397 [info] > git for-each-ref --format=%(refname)%00%(upstream:short)%00%(objectname)%00%(upstream:track)%00%(upstream:remotename)%00%(upstream:remoteref) refs/heads/main refs/remotes/main [7ms]
2025-09-10 10:14:56.595 [info] > git for-each-ref --sort -committerdate --format %(refname)%00%(objectname)%00%(*objectname) [2ms]
2025-09-10 10:14:56.781 [info] > git status -z -uall [295ms]
2025-09-10 10:15:03.149 [info] [Git][getWorktreesFS] Worktree detection is disabled, skipping worktree detection
2025-09-10 10:15:03.309 [info] > git config --get commit.template [103ms]
2025-09-10 10:15:03.583 [info] > git for-each-ref --format=%(refname)%00%(upstream:short)%00%(objectname)%00%(upstream:track)%00%(upstream:remotename)%00%(upstream:remoteref) refs/heads/main refs/remotes/main [133ms]
2025-09-10 10:15:04.082 [info] > git status -z -uall [277ms]
2025-09-10 10:15:04.095 [info] > git for-each-ref --sort -committerdate --format %(refname)%00%(objectname)%00%(*objectname) [193ms]
2025-09-10 10:15:09.103 [info] [Git][getWorktreesFS] Worktree detection is disabled, skipping worktree detection
2025-09-10 10:15:09.118 [info] > git config --get commit.template [7ms]
2025-09-10 10:15:09.120 [info] > git for-each-ref --format=%(refname)%00%(upstream:short)%00%(objectname)%00%(upstream:track)%00%(upstream:remotename)%00%(upstream:remoteref) refs/heads/main refs/remotes/main [3ms]
2025-09-10 10:15:09.200 [info] > git for-each-ref --sort -committerdate --format %(refname)%00%(objectname)%00%(*objectname) [5ms]
2025-09-10 10:15:09.299 [info] > git status -z -uall [173ms]
2025-09-10 10:15:14.318 [info] [Git][getWorktreesFS] Worktree detection is disabled, skipping worktree detection
2025-09-10 10:15:14.333 [info] > git config --get commit.template [9ms]
2025-09-10 10:15:14.334 [info] > git for-each-ref --format=%(refname)%00%(upstream:short)%00%(objectname)%00%(upstream:track)%00%(upstream:remotename)%00%(upstream:remoteref) refs/heads/main refs/remotes/main [4ms]
2025-09-10 10:15:14.399 [info] > git for-each-ref --sort -committerdate --format %(refname)%00%(objectname)%00%(*objectname) [4ms]
2025-09-10 10:15:14.482 [info] > git status -z -uall [142ms]
2025-09-10 10:15:19.487 [info] [Git][getWorktreesFS] Worktree detection is disabled, skipping worktree detection
2025-09-10 10:15:19.501 [info] > git config --get commit.template [7ms]
2025-09-10 10:15:19.502 [info] > git for-each-ref --format=%(refname)%00%(upstream:short)%00%(objectname)%00%(upstream:track)%00%(upstream:remotename)%00%(upstream:remoteref) refs/heads/main refs/remotes/main [2ms]
2025-09-10 10:15:19.601 [info] > git for-each-ref --sort -committerdate --format %(refname)%00%(objectname)%00%(*objectname) [3ms]
2025-09-10 10:15:19.684 [info] > git status -z -uall [176ms]
2025-09-10 10:15:24.689 [info] [Git][getWorktreesFS] Worktree detection is disabled, skipping worktree detection
2025-09-10 10:15:24.698 [info] > git config --get commit.template [2ms]
2025-09-10 10:15:24.707 [info] > git for-each-ref --format=%(refname)%00%(upstream:short)%00%(objectname)%00%(upstream:track)%00%(upstream:remotename)%00%(upstream:remoteref) refs/heads/main refs/remotes/main [3ms]
2025-09-10 10:15:24.800 [info] > git for-each-ref --sort -committerdate --format %(refname)%00%(objectname)%00%(*objectname) [2ms]
2025-09-10 10:15:24.886 [info] > git status -z -uall [172ms]
2025-09-10 10:16:02.486 [info] [Git][getWorktreesFS] Worktree detection is disabled, skipping worktree detection
2025-09-10 10:16:02.498 [info] > git config --get commit.template [3ms]
2025-09-10 10:16:02.507 [info] > git for-each-ref --format=%(refname)%00%(upstream:short)%00%(objectname)%00%(upstream:track)%00%(upstream:remotename)%00%(upstream:remoteref) refs/heads/main refs/remotes/main [3ms]
2025-09-10 10:16:02.682 [info] > git for-each-ref --sort -committerdate --format %(refname)%00%(objectname)%00%(*objectname) [81ms]
2025-09-10 10:16:02.696 [info] > git status -z -uall [181ms]
2025-09-10 10:16:07.700 [info] [Git][getWorktreesFS] Worktree detection is disabled, skipping worktree detection
2025-09-10 10:16:07.709 [info] > git config --get commit.template [3ms]
2025-09-10 10:16:07.717 [info] > git for-each-ref --format=%(refname)%00%(upstream:short)%00%(objectname)%00%(upstream:track)%00%(upstream:remotename)%00%(upstream:remoteref) refs/heads/main refs/remotes/main [3ms]
2025-09-10 10:16:07.797 [info] > git for-each-ref --sort -committerdate --format %(refname)%00%(objectname)%00%(*objectname) [3ms]
2025-09-10 10:16:07.812 [info] > git status -z -uall [89ms]
2025-09-10 10:16:12.885 [info] [Git][getWorktreesFS] Worktree detection is disabled, skipping worktree detection
2025-09-10 10:16:12.909 [info] > git config --get commit.template [14ms]
2025-09-10 10:16:12.910 [info] > git for-each-ref --format=%(refname)%00%(upstream:short)%00%(objectname)%00%(upstream:track)%00%(upstream:remotename)%00%(upstream:remoteref) refs/heads/main refs/remotes/main [2ms]
2025-09-10 10:16:13.103 [info] > git for-each-ref --sort -committerdate --format %(refname)%00%(objectname)%00%(*objectname) [4ms]
2025-09-10 10:16:13.189 [info] > git status -z -uall [201ms]
2025-09-10 10:16:22.570 [info] [Git][getWorktreesFS] Worktree detection is disabled, skipping worktree detection
2025-09-10 10:16:22.586 [info] > git config --get commit.template [8ms]
2025-09-10 10:16:22.588 [info] > git for-each-ref --format=%(refname)%00%(upstream:short)%00%(objectname)%00%(upstream:track)%00%(upstream:remotename)%00%(upstream:remoteref) refs/heads/main refs/remotes/main [3ms]
2025-09-10 10:16:22.688 [info] > git for-each-ref --sort -committerdate --format %(refname)%00%(objectname)%00%(*objectname) [5ms]
2025-09-10 10:16:22.758 [info] > git status -z -uall [164ms]
2025-09-10 10:16:27.763 [info] [Git][getWorktreesFS] Worktree detection is disabled, skipping worktree detection
2025-09-10 10:16:27.779 [info] > git config --get commit.template [9ms]
2025-09-10 10:16:27.781 [info] > git for-each-ref --format=%(refname)%00%(upstream:short)%00%(objectname)%00%(upstream:track)%00%(upstream:remotename)%00%(upstream:remoteref) refs/heads/main refs/remotes/main [3ms]
2025-09-10 10:16:27.886 [info] > git for-each-ref --sort -committerdate --format %(refname)%00%(objectname)%00%(*objectname) [4ms]
2025-09-10 10:16:27.952 [info] > git status -z -uall [164ms]
2025-09-10 10:16:32.955 [info] [Git][getWorktreesFS] Worktree detection is disabled, skipping worktree detection
2025-09-10 10:16:32.964 [info] > git config --get commit.template [2ms]
2025-09-10 10:16:32.973 [info] > git for-each-ref --format=%(refname)%00%(upstream:short)%00%(objectname)%00%(upstream:track)%00%(upstream:remotename)%00%(upstream:remoteref) refs/heads/main refs/remotes/main [3ms]
2025-09-10 10:16:33.086 [info] > git for-each-ref --sort -committerdate --format %(refname)%00%(objectname)%00%(*objectname) [23ms]
2025-09-10 10:16:33.183 [info] > git status -z -uall [203ms]
2025-09-10 10:17:28.495 [info] [Git][getWorktreesFS] Worktree detection is disabled, skipping worktree detection
2025-09-10 10:17:28.519 [info] > git config --get commit.template [13ms]
2025-09-10 10:17:28.522 [info] > git for-each-ref --format=%(refname)%00%(upstream:short)%00%(objectname)%00%(upstream:track)%00%(upstream:remotename)%00%(upstream:remoteref) refs/heads/main refs/remotes/main [3ms]
2025-09-10 10:17:28.688 [info] > git for-each-ref --sort -committerdate --format %(refname)%00%(objectname)%00%(*objectname) [5ms]
2025-09-10 10:17:28.702 [info] > git status -z -uall [120ms]
2025-09-10 10:17:34.759 [info] [Git][getWorktreesFS] Worktree detection is disabled, skipping worktree detection
2025-09-10 10:17:34.768 [info] > git config --get commit.template [3ms]
2025-09-10 10:17:34.777 [info] > git for-each-ref --format=%(refname)%00%(upstream:short)%00%(objectname)%00%(upstream:track)%00%(upstream:remotename)%00%(upstream:remoteref) refs/heads/main refs/remotes/main [3ms]
2025-09-10 10:17:34.885 [info] > git for-each-ref --sort -committerdate --format %(refname)%00%(objectname)%00%(*objectname) [27ms]
2025-09-10 10:17:34.955 [info] > git status -z -uall [172ms]
2025-09-10 10:17:39.958 [info] [Git][getWorktreesFS] Worktree detection is disabled, skipping worktree detection
2025-09-10 10:17:39.968 [info] > git config --get commit.template [3ms]
2025-09-10 10:17:39.976 [info] > git for-each-ref --format=%(refname)%00%(upstream:short)%00%(objectname)%00%(upstream:track)%00%(upstream:remotename)%00%(upstream:remoteref) refs/heads/main refs/remotes/main [2ms]
2025-09-10 10:17:40.090 [info] > git for-each-ref --sort -committerdate --format %(refname)%00%(objectname)%00%(*objectname) [28ms]
2025-09-10 10:17:40.160 [info] > git status -z -uall [178ms]
2025-09-10 10:17:45.163 [info] [Git][getWorktreesFS] Worktree detection is disabled, skipping worktree detection
2025-09-10 10:17:45.177 [info] > git config --get commit.template [8ms]
2025-09-10 10:17:45.179 [info] > git for-each-ref --format=%(refname)%00%(upstream:short)%00%(objectname)%00%(upstream:track)%00%(upstream:remotename)%00%(upstream:remoteref) refs/heads/main refs/remotes/main [2ms]
2025-09-10 10:17:45.283 [info] > git for-each-ref --sort -committerdate --format %(refname)%00%(objectname)%00%(*objectname) [1ms]
2025-09-10 10:17:45.296 [info] > git status -z -uall [111ms]
2025-09-10 10:17:50.354 [info] [Git][getWorktreesFS] Worktree detection is disabled, skipping worktree detection
2025-09-10 10:17:50.369 [info] > git config --get commit.template [8ms]
2025-09-10 10:17:50.371 [info] > git for-each-ref --format=%(refname)%00%(upstream:short)%00%(objectname)%00%(upstream:track)%00%(upstream:remotename)%00%(upstream:remoteref) refs/heads/main refs/remotes/main [3ms]
2025-09-10 10:17:50.458 [info] > git for-each-ref --sort -committerdate --format %(refname)%00%(objectname)%00%(*objectname) [5ms]
2025-09-10 10:17:50.490 [info] > git status -z -uall [113ms]
2025-09-10 10:18:03.843 [info] [Git][getWorktreesFS] Worktree detection is disabled, skipping worktree detection
2025-09-10 10:18:03.857 [info] > git config --get commit.template [7ms]
2025-09-10 10:18:03.859 [info] > git for-each-ref --format=%(refname)%00%(upstream:short)%00%(objectname)%00%(upstream:track)%00%(upstream:remotename)%00%(upstream:remoteref) refs/heads/main refs/remotes/main [3ms]
2025-09-10 10:18:03.960 [info] > git for-each-ref --sort -committerdate --format %(refname)%00%(objectname)%00%(*objectname) [4ms]
2025-09-10 10:18:03.985 [info] > git status -z -uall [120ms]
2025-09-10 10:18:08.995 [info] [Git][getWorktreesFS] Worktree detection is disabled, skipping worktree detection
2025-09-10 10:18:09.606 [info] > git config --get commit.template [313ms]
2025-09-10 10:18:09.691 [info] > git for-each-ref --format=%(refname)%00%(upstream:short)%00%(objectname)%00%(upstream:track)%00%(upstream:remotename)%00%(upstream:remoteref) refs/heads/main refs/remotes/main [86ms]
2025-09-10 10:18:10.889 [info] > git for-each-ref --sort -committerdate --format %(refname)%00%(objectname)%00%(*objectname) [402ms]
2025-09-10 10:18:11.697 [info] > git status -z -uall [1499ms]
2025-09-10 10:18:35.683 [info] [Git][getWorktreesFS] Worktree detection is disabled, skipping worktree detection
2025-09-10 10:18:36.398 [info] > git config --get commit.template [294ms]
2025-09-10 10:18:37.493 [info] > git for-each-ref --format=%(refname)%00%(upstream:short)%00%(objectname)%00%(upstream:track)%00%(upstream:remotename)%00%(upstream:remoteref) refs/heads/main refs/remotes/main [240ms]
2025-09-10 10:18:40.792 [info] > git for-each-ref --sort -committerdate --format %(refname)%00%(objectname)%00%(*objectname) [1084ms]
2025-09-10 10:18:41.081 [info] > git status -z -uall [1597ms]
2025-09-10 10:18:46.892 [info] [Git][getWorktreesFS] Worktree detection is disabled, skipping worktree detection
2025-09-10 10:18:48.492 [info] > git config --get commit.template [709ms]
2025-09-10 10:18:49.606 [info] > git for-each-ref --format=%(refname)%00%(upstream:short)%00%(objectname)%00%(upstream:track)%00%(upstream:remotename)%00%(upstream:remoteref) refs/heads/main refs/remotes/main [723ms]
2025-09-10 10:18:53.484 [info] > git status -z -uall [1186ms]
2025-09-10 10:18:53.888 [info] > git for-each-ref --sort -committerdate --format %(refname)%00%(objectname)%00%(*objectname) [1196ms]
2025-09-10 10:18:59.998 [info] [Git][getWorktreesFS] Worktree detection is disabled, skipping worktree detection
2025-09-10 10:19:02.692 [info] > git config --get commit.template [1704ms]
2025-09-10 10:19:03.985 [info] > git for-each-ref --format=%(refname)%00%(upstream:short)%00%(objectname)%00%(upstream:track)%00%(upstream:remotename)%00%(upstream:remoteref) refs/heads/main refs/remotes/main [1098ms]
2025-09-10 10:19:07.851 [info] > git status -z -uall [1560ms]
2025-09-10 10:19:08.291 [info] > git for-each-ref --sort -committerdate --format %(refname)%00%(objectname)%00%(*objectname) [1542ms]
2025-09-10 10:19:40.398 [info] [Git][getWorktreesFS] Worktree detection is disabled, skipping worktree detection
2025-09-10 10:19:42.704 [info] > git config --get commit.template [2215ms]
2025-09-10 10:19:46.294 [info] > git for-each-ref --format=%(refname)%00%(upstream:short)%00%(objectname)%00%(upstream:track)%00%(upstream:remotename)%00%(upstream:remoteref) refs/heads/main refs/remotes/main [2506ms]
2025-09-10 10:19:50.700 [info] > git status -z -uall [1198ms]
2025-09-10 10:19:51.790 [info] > git for-each-ref --sort -committerdate --format %(refname)%00%(objectname)%00%(*objectname) [2197ms]
2025-09-10 10:19:57.282 [info] [Git][getWorktreesFS] Worktree detection is disabled, skipping worktree detection
2025-09-10 10:19:58.181 [info] > git config --get commit.template [865ms]
2025-09-10 10:19:59.404 [info] > git for-each-ref --format=%(refname)%00%(upstream:short)%00%(objectname)%00%(upstream:track)%00%(upstream:remotename)%00%(upstream:remoteref) refs/heads/main refs/remotes/main [806ms]
2025-09-10 10:20:01.301 [info] > git status -z -uall [590ms]
2025-09-10 10:20:01.703 [info] > git for-each-ref --sort -committerdate --format %(refname)%00%(objectname)%00%(*objectname) [901ms]
2025-09-10 10:20:07.182 [info] [Git][getWorktreesFS] Worktree detection is disabled, skipping worktree detection
2025-09-10 10:20:07.910 [info] > git config --get commit.template [721ms]
2025-09-10 10:20:09.000 [info] > git for-each-ref --format=%(refname)%00%(upstream:short)%00%(objectname)%00%(upstream:track)%00%(upstream:remotename)%00%(upstream:remoteref) refs/heads/main refs/remotes/main [690ms]
2025-09-10 10:20:10.550 [info] > git status -z -uall [451ms]
2025-09-10 10:20:10.786 [info] > git for-each-ref --sort -committerdate --format %(refname)%00%(objectname)%00%(*objectname) [599ms]
2025-09-10 10:20:45.771 [info] [Git][getWorktreesFS] Worktree detection is disabled, skipping worktree detection
2025-09-10 10:20:45.787 [info] > git config --get commit.template [8ms]
2025-09-10 10:20:45.788 [info] > git for-each-ref --format=%(refname)%00%(upstream:short)%00%(objectname)%00%(upstream:track)%00%(upstream:remotename)%00%(upstream:remoteref) refs/heads/main refs/remotes/main [2ms]
2025-09-10 10:20:45.894 [info] > git for-each-ref --sort -committerdate --format %(refname)%00%(objectname)%00%(*objectname) [7ms]
2025-09-10 10:20:45.958 [info] > git status -z -uall [164ms]
2025-09-10 10:20:50.963 [info] [Git][getWorktreesFS] Worktree detection is disabled, skipping worktree detection
2025-09-10 10:20:50.976 [info] > git config --get commit.template [7ms]
2025-09-10 10:20:50.978 [info] > git for-each-ref --format=%(refname)%00%(upstream:short)%00%(objectname)%00%(upstream:track)%00%(upstream:remotename)%00%(upstream:remoteref) refs/heads/main refs/remotes/main [2ms]
2025-09-10 10:20:51.087 [info] > git for-each-ref --sort -committerdate --format %(refname)%00%(objectname)%00%(*objectname) [24ms]
2025-09-10 10:20:51.155 [info] > git status -z -uall [171ms]
2025-09-10 10:20:56.159 [info] [Git][getWorktreesFS] Worktree detection is disabled, skipping worktree detection
2025-09-10 10:20:56.195 [info] > git config --get commit.template [11ms]
2025-09-10 10:20:56.197 [info] > git for-each-ref --format=%(refname)%00%(upstream:short)%00%(objectname)%00%(upstream:track)%00%(upstream:remotename)%00%(upstream:remoteref) refs/heads/main refs/remotes/main [3ms]
2025-09-10 10:20:56.398 [info] > git for-each-ref --sort -committerdate --format %(refname)%00%(objectname)%00%(*objectname) [7ms]
2025-09-10 10:20:56.493 [info] > git status -z -uall [206ms]
2025-09-10 10:21:01.497 [info] [Git][getWorktreesFS] Worktree detection is disabled, skipping worktree detection
2025-09-10 10:21:01.550 [info] > git config --get commit.template [41ms]
2025-09-10 10:21:01.597 [info] > git for-each-ref --format=%(refname)%00%(upstream:short)%00%(objectname)%00%(upstream:track)%00%(upstream:remotename)%00%(upstream:remoteref) refs/heads/main refs/remotes/main [6ms]
2025-09-10 10:21:01.695 [info] > git for-each-ref --sort -committerdate --format %(refname)%00%(objectname)%00%(*objectname) [11ms]
2025-09-10 10:21:01.795 [info] > git status -z -uall [191ms]
2025-09-10 10:21:06.798 [info] [Git][getWorktreesFS] Worktree detection is disabled, skipping worktree detection
2025-09-10 10:21:06.812 [info] > git config --get commit.template [7ms]
2025-09-10 10:21:06.814 [info] > git for-each-ref --format=%(refname)%00%(upstream:short)%00%(objectname)%00%(upstream:track)%00%(upstream:remotename)%00%(upstream:remoteref) refs/heads/main refs/remotes/main [2ms]
2025-09-10 10:21:06.905 [info] > git for-each-ref --sort -committerdate --format %(refname)%00%(objectname)%00%(*objectname) [9ms]
2025-09-10 10:21:06.990 [info] > git status -z -uall [170ms]
2025-09-10 10:21:07.693 [info] > git check-ignore -v -z --stdin [4ms]
2025-09-10 10:21:11.993 [info] [Git][getWorktreesFS] Worktree detection is disabled, skipping worktree detection
2025-09-10 10:21:12.002 [info] > git config --get commit.template [3ms]
2025-09-10 10:21:12.011 [info] > git for-each-ref --format=%(refname)%00%(upstream:short)%00%(objectname)%00%(upstream:track)%00%(upstream:remotename)%00%(upstream:remoteref) refs/heads/main refs/remotes/main [3ms]
2025-09-10 10:21:12.104 [info] > git for-each-ref --sort -committerdate --format %(refname)%00%(objectname)%00%(*objectname) [8ms]
2025-09-10 10:21:12.197 [info] > git status -z -uall [179ms]
2025-09-10 10:21:47.713 [info] [Git][getWorktreesFS] Worktree detection is disabled, skipping worktree detection
2025-09-10 10:21:47.727 [info] > git config --get commit.template [7ms]
2025-09-10 10:21:47.729 [info] > git for-each-ref --format=%(refname)%00%(upstream:short)%00%(objectname)%00%(upstream:track)%00%(upstream:remotename)%00%(upstream:remoteref) refs/heads/main refs/remotes/main [2ms]
2025-09-10 10:21:47.798 [info] > git for-each-ref --sort -committerdate --format %(refname)%00%(objectname)%00%(*objectname) [7ms]
2025-09-10 10:21:47.885 [info] > git status -z -uall [149ms]
2025-09-10 10:21:52.888 [info] [Git][getWorktreesFS] Worktree detection is disabled, skipping worktree detection
2025-09-10 10:21:52.902 [info] > git config --get commit.template [8ms]
2025-09-10 10:21:52.904 [info] > git for-each-ref --format=%(refname)%00%(upstream:short)%00%(objectname)%00%(upstream:track)%00%(upstream:remotename)%00%(upstream:remoteref) refs/heads/main refs/remotes/main [3ms]
2025-09-10 10:21:52.998 [info] > git for-each-ref --sort -committerdate --format %(refname)%00%(objectname)%00%(*objectname) [6ms]
2025-09-10 10:21:53.011 [info] > git status -z -uall [101ms]
2025-09-10 10:21:58.084 [info] [Git][getWorktreesFS] Worktree detection is disabled, skipping worktree detection
2025-09-10 10:21:58.098 [info] > git config --get commit.template [8ms]
2025-09-10 10:21:58.100 [info] > git for-each-ref --format=%(refname)%00%(upstream:short)%00%(objectname)%00%(upstream:track)%00%(upstream:remotename)%00%(upstream:remoteref) refs/heads/main refs/remotes/main [3ms]
2025-09-10 10:21:58.195 [info] > git for-each-ref --sort -committerdate --format %(refname)%00%(objectname)%00%(*objectname) [4ms]
2025-09-10 10:21:58.212 [info] > git status -z -uall [106ms]
2025-09-10 10:22:06.726 [info] [Git][getWorktreesFS] Worktree detection is disabled, skipping worktree detection
2025-09-10 10:22:06.742 [info] > git config --get commit.template [9ms]
2025-09-10 10:22:06.745 [info] > git for-each-ref --format=%(refname)%00%(upstream:short)%00%(objectname)%00%(upstream:track)%00%(upstream:remotename)%00%(upstream:remoteref) refs/heads/main refs/remotes/main [3ms]
2025-09-10 10:22:06.887 [info] > git for-each-ref --sort -committerdate --format %(refname)%00%(objectname)%00%(*objectname) [31ms]
2025-09-10 10:22:06.900 [info] > git status -z -uall [148ms]
2025-09-10 10:22:11.904 [info] [Git][getWorktreesFS] Worktree detection is disabled, skipping worktree detection
2025-09-10 10:22:11.919 [info] > git config --get commit.template [8ms]
2025-09-10 10:22:11.922 [info] > git for-each-ref --format=%(refname)%00%(upstream:short)%00%(objectname)%00%(upstream:track)%00%(upstream:remotename)%00%(upstream:remoteref) refs/heads/main refs/remotes/main [4ms]
2025-09-10 10:22:12.003 [info] > git for-each-ref --sort -committerdate --format %(refname)%00%(objectname)%00%(*objectname) [17ms]
2025-09-10 10:22:12.096 [info] > git status -z -uall [168ms]
2025-09-10 10:22:17.101 [info] [Git][getWorktreesFS] Worktree detection is disabled, skipping worktree detection
2025-09-10 10:22:17.116 [info] > git config --get commit.template [9ms]
2025-09-10 10:22:17.118 [info] > git for-each-ref --format=%(refname)%00%(upstream:short)%00%(objectname)%00%(upstream:track)%00%(upstream:remotename)%00%(upstream:remoteref) refs/heads/main refs/remotes/main [3ms]
2025-09-10 10:22:17.199 [info] > git for-each-ref --sort -committerdate --format %(refname)%00%(objectname)%00%(*objectname) [11ms]
2025-09-10 10:22:17.287 [info] > git status -z -uall [163ms]
2025-09-10 10:22:22.292 [info] [Git][getWorktreesFS] Worktree detection is disabled, skipping worktree detection
2025-09-10 10:22:22.306 [info] > git config --get commit.template [8ms]
2025-09-10 10:22:22.308 [info] > git for-each-ref --format=%(refname)%00%(upstream:short)%00%(objectname)%00%(upstream:track)%00%(upstream:remotename)%00%(upstream:remoteref) refs/heads/main refs/remotes/main [3ms]
2025-09-10 10:22:22.399 [info] > git for-each-ref --sort -committerdate --format %(refname)%00%(objectname)%00%(*objectname) [5ms]
2025-09-10 10:22:22.482 [info] > git status -z -uall [168ms]
2025-09-10 10:22:27.487 [info] [Git][getWorktreesFS] Worktree detection is disabled, skipping worktree detection
2025-09-10 10:22:27.503 [info] > git config --get commit.template [9ms]
2025-09-10 10:22:27.504 [info] > git for-each-ref --format=%(refname)%00%(upstream:short)%00%(objectname)%00%(upstream:track)%00%(upstream:remotename)%00%(upstream:remoteref) refs/heads/main refs/remotes/main [2ms]
2025-09-10 10:22:27.601 [info] > git for-each-ref --sort -committerdate --format %(refname)%00%(objectname)%00%(*objectname) [7ms]
2025-09-10 10:22:27.692 [info] > git status -z -uall [180ms]
2025-09-10 10:22:32.696 [info] [Git][getWorktreesFS] Worktree detection is disabled, skipping worktree detection
2025-09-10 10:22:32.710 [info] > git config --get commit.template [7ms]
2025-09-10 10:22:32.712 [info] > git for-each-ref --format=%(refname)%00%(upstream:short)%00%(objectname)%00%(upstream:track)%00%(upstream:remotename)%00%(upstream:remoteref) refs/heads/main refs/remotes/main [3ms]
2025-09-10 10:22:32.799 [info] > git for-each-ref --sort -committerdate --format %(refname)%00%(objectname)%00%(*objectname) [6ms]
2025-09-10 10:22:32.812 [info] > git status -z -uall [94ms]
2025-09-10 10:22:37.885 [info] [Git][getWorktreesFS] Worktree detection is disabled, skipping worktree detection
2025-09-10 10:22:37.899 [info] > git config --get commit.template [7ms]
2025-09-10 10:22:37.901 [info] > git for-each-ref --format=%(refname)%00%(upstream:short)%00%(objectname)%00%(upstream:track)%00%(upstream:remotename)%00%(upstream:remoteref) refs/heads/main refs/remotes/main [3ms]
2025-09-10 10:22:37.996 [info] > git for-each-ref --sort -committerdate --format %(refname)%00%(objectname)%00%(*objectname) [3ms]
2025-09-10 10:22:38.011 [info] > git status -z -uall [104ms]
2025-09-10 10:22:43.084 [info] [Git][getWorktreesFS] Worktree detection is disabled, skipping worktree detection
2025-09-10 10:22:43.102 [info] > git config --get commit.template [9ms]
2025-09-10 10:22:43.104 [info] > git for-each-ref --format=%(refname)%00%(upstream:short)%00%(objectname)%00%(upstream:track)%00%(upstream:remotename)%00%(upstream:remoteref) refs/heads/main refs/remotes/main [3ms]
2025-09-10 10:22:43.203 [info] > git for-each-ref --sort -committerdate --format %(refname)%00%(objectname)%00%(*objectname) [4ms]
2025-09-10 10:22:43.298 [info] > git status -z -uall [187ms]
2025-09-10 10:22:48.301 [info] [Git][getWorktreesFS] Worktree detection is disabled, skipping worktree detection
2025-09-10 10:22:48.316 [info] > git config --get commit.template [8ms]
2025-09-10 10:22:48.318 [info] > git for-each-ref --format=%(refname)%00%(upstream:short)%00%(objectname)%00%(upstream:track)%00%(upstream:remotename)%00%(upstream:remoteref) refs/heads/main refs/remotes/main [3ms]
2025-09-10 10:22:48.402 [info] > git for-each-ref --sort -committerdate --format %(refname)%00%(objectname)%00%(*objectname) [6ms]
2025-09-10 10:22:48.499 [info] > git status -z -uall [175ms]
2025-09-10 10:22:55.212 [info] [Git][getWorktreesFS] Worktree detection is disabled, skipping worktree detection
2025-09-10 10:22:55.230 [info] > git config --get commit.template [9ms]
2025-09-10 10:22:55.234 [info] > git for-each-ref --format=%(refname)%00%(upstream:short)%00%(objectname)%00%(upstream:track)%00%(upstream:remotename)%00%(upstream:remoteref) refs/heads/main refs/remotes/main [4ms]
2025-09-10 10:22:55.387 [info] > git for-each-ref --sort -committerdate --format %(refname)%00%(objectname)%00%(*objectname) [3ms]
2025-09-10 10:22:55.403 [info] > git status -z -uall [160ms]
2025-09-10 10:23:01.884 [info] [Git][getWorktreesFS] Worktree detection is disabled, skipping worktree detection
2025-09-10 10:23:01.987 [info] > git config --get commit.template [28ms]
2025-09-10 10:23:02.158 [info] > git for-each-ref --format=%(refname)%00%(upstream:short)%00%(objectname)%00%(upstream:track)%00%(upstream:remotename)%00%(upstream:remoteref) refs/heads/main refs/remotes/main [97ms]
2025-09-10 10:23:02.386 [info] > git for-each-ref --sort -committerdate --format %(refname)%00%(objectname)%00%(*objectname) [32ms]
2025-09-10 10:23:02.470 [info] > git status -z -uall [213ms]
2025-09-10 10:23:07.556 [info] [Git][getWorktreesFS] Worktree detection is disabled, skipping worktree detection
2025-09-10 10:23:07.571 [info] > git config --get commit.template [8ms]
2025-09-10 10:23:07.650 [info] > git for-each-ref --format=%(refname)%00%(upstream:short)%00%(objectname)%00%(upstream:track)%00%(upstream:remotename)%00%(upstream:remoteref) refs/heads/main refs/remotes/main [68ms]
2025-09-10 10:23:07.782 [info] > git for-each-ref --sort -committerdate --format %(refname)%00%(objectname)%00%(*objectname) [95ms]
2025-09-10 10:23:07.857 [info] > git status -z -uall [200ms]
2025-09-10 10:23:12.861 [info] [Git][getWorktreesFS] Worktree detection is disabled, skipping worktree detection
2025-09-10 10:23:12.875 [info] > git config --get commit.template [8ms]
2025-09-10 10:23:12.877 [info] > git for-each-ref --format=%(refname)%00%(upstream:short)%00%(objectname)%00%(upstream:track)%00%(upstream:remotename)%00%(upstream:remoteref) refs/heads/main refs/remotes/main [3ms]
2025-09-10 10:23:12.984 [info] > git for-each-ref --sort -committerdate --format %(refname)%00%(objectname)%00%(*objectname) [20ms]
2025-09-10 10:23:13.054 [info] > git status -z -uall [170ms]
2025-09-10 10:23:18.057 [info] [Git][getWorktreesFS] Worktree detection is disabled, skipping worktree detection
2025-09-10 10:23:18.072 [info] > git config --get commit.template [8ms]
2025-09-10 10:23:18.074 [info] > git for-each-ref --format=%(refname)%00%(upstream:short)%00%(objectname)%00%(upstream:track)%00%(upstream:remotename)%00%(upstream:remoteref) refs/heads/main refs/remotes/main [3ms]
2025-09-10 10:23:18.164 [info] > git for-each-ref --sort -committerdate --format %(refname)%00%(objectname)%00%(*objectname) [6ms]
2025-09-10 10:23:18.255 [info] > git status -z -uall [175ms]
2025-09-10 10:23:23.260 [info] [Git][getWorktreesFS] Worktree detection is disabled, skipping worktree detection
2025-09-10 10:23:23.274 [info] > git config --get commit.template [8ms]
2025-09-10 10:23:23.276 [info] > git for-each-ref --format=%(refname)%00%(upstream:short)%00%(objectname)%00%(upstream:track)%00%(upstream:remotename)%00%(upstream:remoteref) refs/heads/main refs/remotes/main [3ms]
2025-09-10 10:23:23.354 [info] > git for-each-ref --sort -committerdate --format %(refname)%00%(objectname)%00%(*objectname) [2ms]
2025-09-10 10:23:23.453 [info] > git status -z -uall [171ms]
2025-09-10 10:23:34.565 [info] [Git][getWorktreesFS] Worktree detection is disabled, skipping worktree detection
2025-09-10 10:23:34.579 [info] > git config --get commit.template [8ms]
2025-09-10 10:23:34.581 [info] > git for-each-ref --format=%(refname)%00%(upstream:short)%00%(objectname)%00%(upstream:track)%00%(upstream:remotename)%00%(upstream:remoteref) refs/heads/main refs/remotes/main [3ms]
2025-09-10 10:23:34.691 [info] > git for-each-ref --sort -committerdate --format %(refname)%00%(objectname)%00%(*objectname) [9ms]
2025-09-10 10:23:34.758 [info] > git status -z -uall [171ms]
2025-09-10 10:23:39.761 [info] [Git][getWorktreesFS] Worktree detection is disabled, skipping worktree detection
2025-09-10 10:23:39.785 [info] > git for-each-ref --format=%(refname)%00%(upstream:short)%00%(objectname)%00%(upstream:track)%00%(upstream:remotename)%00%(upstream:remoteref) refs/heads/main refs/remotes/main [6ms]
2025-09-10 10:23:39.785 [info] > git config --get commit.template [16ms]
2025-09-10 10:23:39.952 [info] > git for-each-ref --sort -committerdate --format %(refname)%00%(objectname)%00%(*objectname) [88ms]
2025-09-10 10:23:39.990 [info] > git status -z -uall [189ms]
2025-09-10 10:23:45.052 [info] [Git][getWorktreesFS] Worktree detection is disabled, skipping worktree detection
2025-09-10 10:23:45.069 [info] > git config --get commit.template [9ms]
2025-09-10 10:23:45.070 [info] > git for-each-ref --format=%(refname)%00%(upstream:short)%00%(objectname)%00%(upstream:track)%00%(upstream:remotename)%00%(upstream:remoteref) refs/heads/main refs/remotes/main [3ms]
2025-09-10 10:23:45.170 [info] > git for-each-ref --sort -committerdate --format %(refname)%00%(objectname)%00%(*objectname) [9ms]
2025-09-10 10:23:45.258 [info] > git status -z -uall [181ms]
2025-09-10 10:23:50.262 [info] [Git][getWorktreesFS] Worktree detection is disabled, skipping worktree detection
2025-09-10 10:23:50.279 [info] > git config --get commit.template [9ms]
2025-09-10 10:23:50.279 [info] > git for-each-ref --format=%(refname)%00%(upstream:short)%00%(objectname)%00%(upstream:track)%00%(upstream:remotename)%00%(upstream:remoteref) refs/heads/main refs/remotes/main [3ms]
2025-09-10 10:23:50.386 [info] > git for-each-ref --sort -committerdate --format %(refname)%00%(objectname)%00%(*objectname) [26ms]
2025-09-10 10:23:50.452 [info] > git status -z -uall [161ms]
2025-09-10 10:23:55.458 [info] [Git][getWorktreesFS] Worktree detection is disabled, skipping worktree detection
2025-09-10 10:23:55.479 [info] > git config --get commit.template [12ms]
2025-09-10 10:23:55.480 [info] > git for-each-ref --format=%(refname)%00%(upstream:short)%00%(objectname)%00%(upstream:track)%00%(upstream:remotename)%00%(upstream:remoteref) refs/heads/main refs/remotes/main [2ms]
2025-09-10 10:23:55.650 [info] > git for-each-ref --sort -committerdate --format %(refname)%00%(objectname)%00%(*objectname) [66ms]
2025-09-10 10:23:55.665 [info] > git status -z -uall [178ms]
2025-09-10 10:24:00.670 [info] [Git][getWorktreesFS] Worktree detection is disabled, skipping worktree detection
2025-09-10 10:24:00.678 [info] > git config --get commit.template [2ms]
2025-09-10 10:24:00.687 [info] > git for-each-ref --format=%(refname)%00%(upstream:short)%00%(objectname)%00%(upstream:track)%00%(upstream:remotename)%00%(upstream:remoteref) refs/heads/main refs/remotes/main [2ms]
2025-09-10 10:24:00.791 [info] > git for-each-ref --sort -committerdate --format %(refname)%00%(objectname)%00%(*objectname) [6ms]
2025-09-10 10:24:00.950 [info] > git status -z -uall [257ms]
2025-09-10 10:24:05.988 [info] [Git][getWorktreesFS] Worktree detection is disabled, skipping worktree detection
2025-09-10 10:24:06.085 [info] > git config --get commit.template [91ms]
2025-09-10 10:24:06.101 [info] > git for-each-ref --format=%(refname)%00%(upstream:short)%00%(objectname)%00%(upstream:track)%00%(upstream:remotename)%00%(upstream:remoteref) refs/heads/main refs/remotes/main [8ms]
2025-09-10 10:24:06.397 [info] > git status -z -uall [188ms]
2025-09-10 10:24:06.397 [info] > git for-each-ref --sort -committerdate --format %(refname)%00%(objectname)%00%(*objectname) [14ms]
2025-09-10 10:24:11.402 [info] [Git][getWorktreesFS] Worktree detection is disabled, skipping worktree detection
2025-09-10 10:24:11.430 [info] > git config --get commit.template [15ms]
2025-09-10 10:24:11.432 [info] > git for-each-ref --format=%(refname)%00%(upstream:short)%00%(objectname)%00%(upstream:track)%00%(upstream:remotename)%00%(upstream:remoteref) refs/heads/main refs/remotes/main [3ms]
2025-09-10 10:24:11.582 [info] > git for-each-ref --sort -committerdate --format %(refname)%00%(objectname)%00%(*objectname) [80ms]
2025-09-10 10:24:11.594 [info] > git status -z -uall [150ms]
2025-09-10 10:24:16.597 [info] [Git][getWorktreesFS] Worktree detection is disabled, skipping worktree detection
2025-09-10 10:24:16.612 [info] > git config --get commit.template [8ms]
2025-09-10 10:24:16.613 [info] > git for-each-ref --format=%(refname)%00%(upstream:short)%00%(objectname)%00%(upstream:track)%00%(upstream:remotename)%00%(upstream:remoteref) refs/heads/main refs/remotes/main [2ms]
2025-09-10 10:24:16.692 [info] > git for-each-ref --sort -committerdate --format %(refname)%00%(objectname)%00%(*objectname) [7ms]
2025-09-10 10:24:16.713 [info] > git status -z -uall [93ms]
2025-09-10 10:24:21.783 [info] [Git][getWorktreesFS] Worktree detection is disabled, skipping worktree detection
2025-09-10 10:24:21.798 [info] > git config --get commit.template [8ms]
2025-09-10 10:24:21.800 [info] > git for-each-ref --format=%(refname)%00%(upstream:short)%00%(objectname)%00%(upstream:track)%00%(upstream:remotename)%00%(upstream:remoteref) refs/heads/main refs/remotes/main [3ms]
2025-09-10 10:24:21.900 [info] > git for-each-ref --sort -committerdate --format %(refname)%00%(objectname)%00%(*objectname) [7ms]
2025-09-10 10:24:21.984 [info] > git status -z -uall [178ms]
2025-09-10 10:25:39.345 [info] [Git][getWorktreesFS] Worktree detection is disabled, skipping worktree detection
2025-09-10 10:25:39.363 [info] > git config --get commit.template [8ms]
2025-09-10 10:25:39.364 [info] > git for-each-ref --format=%(refname)%00%(upstream:short)%00%(objectname)%00%(upstream:track)%00%(upstream:remotename)%00%(upstream:remoteref) refs/heads/main refs/remotes/main [2ms]
2025-09-10 10:25:39.465 [info] > git for-each-ref --sort -committerdate --format %(refname)%00%(objectname)%00%(*objectname) [5ms]
2025-09-10 10:25:39.555 [info] > git status -z -uall [184ms]
2025-09-10 10:25:48.484 [info] [Git][getWorktreesFS] Worktree detection is disabled, skipping worktree detection
2025-09-10 10:25:48.499 [info] > git config --get commit.template [8ms]
2025-09-10 10:25:48.501 [info] > git for-each-ref --format=%(refname)%00%(upstream:short)%00%(objectname)%00%(upstream:track)%00%(upstream:remotename)%00%(upstream:remoteref) refs/heads/main refs/remotes/main [3ms]
2025-09-10 10:25:48.604 [info] > git for-each-ref --sort -committerdate --format %(refname)%00%(objectname)%00%(*objectname) [5ms]
2025-09-10 10:25:48.693 [info] > git status -z -uall [185ms]
2025-09-10 10:25:53.699 [info] [Git][getWorktreesFS] Worktree detection is disabled, skipping worktree detection
2025-09-10 10:25:53.715 [info] > git config --get commit.template [9ms]
2025-09-10 10:25:53.716 [info] > git for-each-ref --format=%(refname)%00%(upstream:short)%00%(objectname)%00%(upstream:track)%00%(upstream:remotename)%00%(upstream:remoteref) refs/heads/main refs/remotes/main [2ms]
2025-09-10 10:25:53.892 [info] > git for-each-ref --sort -committerdate --format %(refname)%00%(objectname)%00%(*objectname) [4ms]
2025-09-10 10:25:53.908 [info] > git status -z -uall [122ms]
2025-09-10 10:26:05.429 [info] [Git][getWorktreesFS] Worktree detection is disabled, skipping worktree detection
2025-09-10 10:26:05.439 [info] > git config --get commit.template [3ms]
2025-09-10 10:26:05.447 [info] > git for-each-ref --format=%(refname)%00%(upstream:short)%00%(objectname)%00%(upstream:track)%00%(upstream:remotename)%00%(upstream:remoteref) refs/heads/main refs/remotes/main [2ms]
2025-09-10 10:26:05.551 [info] > git for-each-ref --sort -committerdate --format %(refname)%00%(objectname)%00%(*objectname) [1ms]
2025-09-10 10:26:05.584 [info] > git status -z -uall [130ms]
2025-09-10 10:26:15.614 [info] [Git][getWorktreesFS] Worktree detection is disabled, skipping worktree detection
2025-09-10 10:26:15.630 [info] > git config --get commit.template [9ms]
2025-09-10 10:26:15.632 [info] > git for-each-ref --format=%(refname)%00%(upstream:short)%00%(objectname)%00%(upstream:track)%00%(upstream:remotename)%00%(upstream:remoteref) refs/heads/main refs/remotes/main [3ms]
2025-09-10 10:26:15.698 [info] > git for-each-ref --sort -committerdate --format %(refname)%00%(objectname)%00%(*objectname) [5ms]
2025-09-10 10:26:15.784 [info] > git status -z -uall [146ms]
2025-09-10 10:26:26.027 [info] [Git][getWorktreesFS] Worktree detection is disabled, skipping worktree detection
2025-09-10 10:26:26.043 [info] > git config --get commit.template [8ms]
2025-09-10 10:26:26.045 [info] > git for-each-ref --format=%(refname)%00%(upstream:short)%00%(objectname)%00%(upstream:track)%00%(upstream:remotename)%00%(upstream:remoteref) refs/heads/main refs/remotes/main [3ms]
2025-09-10 10:26:26.152 [info] > git for-each-ref --sort -committerdate --format %(refname)%00%(objectname)%00%(*objectname) [57ms]
2025-09-10 10:26:26.188 [info] > git status -z -uall [136ms]
2025-09-10 10:26:27.724 [info] [Git][getWorktreesFS] Worktree detection is disabled, skipping worktree detection
2025-09-10 10:26:27.760 [info] > git config --get commit.template [10ms]
2025-09-10 10:26:27.761 [info] > git for-each-ref --format=%(refname)%00%(upstream:short)%00%(objectname)%00%(upstream:track)%00%(upstream:remotename)%00%(upstream:remoteref) refs/heads/main refs/remotes/main [3ms]
2025-09-10 10:26:27.888 [info] > git for-each-ref --sort -committerdate --format %(refname)%00%(objectname)%00%(*objectname) [4ms]
2025-09-10 10:26:27.950 [info] > git status -z -uall [167ms]
2025-09-10 10:26:31.192 [info] [Git][getWorktreesFS] Worktree detection is disabled, skipping worktree detection
2025-09-10 10:26:31.207 [info] > git config --get commit.template [9ms]
2025-09-10 10:26:31.210 [info] > git for-each-ref --format=%(refname)%00%(upstream:short)%00%(objectname)%00%(upstream:track)%00%(upstream:remotename)%00%(upstream:remoteref) refs/heads/main refs/remotes/main [3ms]
2025-09-10 10:26:31.301 [info] > git for-each-ref --sort -committerdate --format %(refname)%00%(objectname)%00%(*objectname) [3ms]
2025-09-10 10:26:31.391 [info] > git status -z -uall [174ms]
2025-09-10 10:26:39.883 [info] [Git][getWorktreesFS] Worktree detection is disabled, skipping worktree detection
2025-09-10 10:26:39.897 [info] > git config --get commit.template [7ms]
2025-09-10 10:26:39.899 [info] > git for-each-ref --format=%(refname)%00%(upstream:short)%00%(objectname)%00%(upstream:track)%00%(upstream:remotename)%00%(upstream:remoteref) refs/heads/main refs/remotes/main [3ms]
2025-09-10 10:26:39.996 [info] > git for-each-ref --sort -committerdate --format %(refname)%00%(objectname)%00%(*objectname) [3ms]
2025-09-10 10:26:40.010 [info] > git status -z -uall [105ms]
2025-09-10 10:26:41.994 [info] [Git][getWorktreesFS] Worktree detection is disabled, skipping worktree detection
2025-09-10 10:26:42.009 [info] > git config --get commit.template [9ms]
2025-09-10 10:26:42.010 [info] > git for-each-ref --format=%(refname)%00%(upstream:short)%00%(objectname)%00%(upstream:track)%00%(upstream:remotename)%00%(upstream:remoteref) refs/heads/main refs/remotes/main [3ms]
2025-09-10 10:26:42.091 [info] > git for-each-ref --sort -committerdate --format %(refname)%00%(objectname)%00%(*objectname) [5ms]
2025-09-10 10:26:42.181 [info] > git status -z -uall [165ms]
2025-09-10 10:26:46.664 [info] [Git][getWorktreesFS] Worktree detection is disabled, skipping worktree detection
2025-09-10 10:26:46.675 [info] > git config --get commit.template [3ms]
2025-09-10 10:26:46.686 [info] > git for-each-ref --format=%(refname)%00%(upstream:short)%00%(objectname)%00%(upstream:track)%00%(upstream:remotename)%00%(upstream:remoteref) refs/heads/main refs/remotes/main [3ms]
2025-09-10 10:26:46.791 [info] > git for-each-ref --sort -committerdate --format %(refname)%00%(objectname)%00%(*objectname) [3ms]
2025-09-10 10:26:46.863 [info] > git status -z -uall [169ms]
2025-09-10 10:26:51.867 [info] [Git][getWorktreesFS] Worktree detection is disabled, skipping worktree detection
2025-09-10 10:26:52.004 [info] > git config --get commit.template [102ms]
2025-09-10 10:26:52.087 [info] > git for-each-ref --format=%(refname)%00%(upstream:short)%00%(objectname)%00%(upstream:track)%00%(upstream:remotename)%00%(upstream:remoteref) refs/heads/main refs/remotes/main [84ms]
2025-09-10 10:26:52.586 [info] > git for-each-ref --sort -committerdate --format %(refname)%00%(objectname)%00%(*objectname) [187ms]
2025-09-10 10:26:52.682 [info] > git status -z -uall [491ms]
2025-09-10 10:26:56.686 [info] [Git][getWorktreesFS] Worktree detection is disabled, skipping worktree detection
2025-09-10 10:26:56.808 [info] > git config --get commit.template [101ms]
2025-09-10 10:26:57.184 [info] > git for-each-ref --format=%(refname)%00%(upstream:short)%00%(objectname)%00%(upstream:track)%00%(upstream:remotename)%00%(upstream:remoteref) refs/heads/main refs/remotes/main [281ms]
2025-09-10 10:26:57.686 [info] > git for-each-ref --sort -committerdate --format %(refname)%00%(objectname)%00%(*objectname) [181ms]
2025-09-10 10:26:57.793 [info] > git status -z -uall [390ms]
2025-09-10 10:27:33.037 [info] [Git][getWorktreesFS] Worktree detection is disabled, skipping worktree detection
2025-09-10 10:27:33.057 [info] > git config --get commit.template [10ms]
2025-09-10 10:27:33.058 [info] > git for-each-ref --format=%(refname)%00%(upstream:short)%00%(objectname)%00%(upstream:track)%00%(upstream:remotename)%00%(upstream:remoteref) refs/heads/main refs/remotes/main [3ms]
2025-09-10 10:27:33.187 [info] > git for-each-ref --sort -committerdate --format %(refname)%00%(objectname)%00%(*objectname) [4ms]
2025-09-10 10:27:33.257 [info] > git status -z -uall [190ms]
2025-09-10 10:35:04.277 [info] [Git][getWorktreesFS] Worktree detection is disabled, skipping worktree detection
2025-09-10 10:35:04.361 [info] > git config --get commit.template [62ms]
2025-09-10 10:35:04.383 [info] > git for-each-ref --format=%(refname)%00%(upstream:short)%00%(objectname)%00%(upstream:track)%00%(upstream:remotename)%00%(upstream:remoteref) refs/heads/main refs/remotes/main [24ms]
2025-09-10 10:35:04.597 [info] > git for-each-ref --sort -committerdate --format %(refname)%00%(objectname)%00%(*objectname) [6ms]
2025-09-10 10:35:04.702 [info] > git status -z -uall [309ms]
2025-09-10 10:36:18.077 [info] [Git][getWorktreesFS] Worktree detection is disabled, skipping worktree detection
2025-09-10 10:36:18.098 [info] > git config --get commit.template [11ms]
2025-09-10 10:36:18.100 [info] > git for-each-ref --format=%(refname)%00%(upstream:short)%00%(objectname)%00%(upstream:track)%00%(upstream:remotename)%00%(upstream:remoteref) refs/heads/main refs/remotes/main [4ms]
2025-09-10 10:36:18.250 [info] > git for-each-ref --sort -committerdate --format %(refname)%00%(objectname)%00%(*objectname) [53ms]
2025-09-10 10:36:18.292 [info] > git status -z -uall [185ms]
2025-09-10 10:38:00.728 [info] [Git][getWorktreesFS] Worktree detection is disabled, skipping worktree detection
2025-09-10 10:38:00.749 [info] > git config --get commit.template [10ms]
2025-09-10 10:38:00.751 [info] > git for-each-ref --format=%(refname)%00%(upstream:short)%00%(objectname)%00%(upstream:track)%00%(upstream:remotename)%00%(upstream:remoteref) refs/heads/main refs/remotes/main [3ms]
2025-09-10 10:38:00.887 [info] > git for-each-ref --sort -committerdate --format %(refname)%00%(objectname)%00%(*objectname) [5ms]
2025-09-10 10:38:00.953 [info] > git status -z -uall [194ms]
2025-09-10 10:41:39.733 [info] [Git][getWorktreesFS] Worktree detection is disabled, skipping worktree detection
2025-09-10 10:41:39.755 [info] > git config --get commit.template [11ms]
2025-09-10 10:41:39.755 [info] > git for-each-ref --format=%(refname)%00%(upstream:short)%00%(objectname)%00%(upstream:track)%00%(upstream:remotename)%00%(upstream:remoteref) refs/heads/main refs/remotes/main [3ms]
2025-09-10 10:41:39.892 [info] > git for-each-ref --sort -committerdate --format %(refname)%00%(objectname)%00%(*objectname) [6ms]
2025-09-10 10:41:39.902 [info] > git status -z -uall [119ms]
2025-09-10 10:41:45.341 [info] [Git][getWorktreesFS] Worktree detection is disabled, skipping worktree detection
2025-09-10 10:41:45.360 [info] > git config --get commit.template [10ms]
2025-09-10 10:41:45.362 [info] > git for-each-ref --format=%(refname)%00%(upstream:short)%00%(objectname)%00%(upstream:track)%00%(upstream:remotename)%00%(upstream:remoteref) refs/heads/main refs/remotes/main [3ms]
2025-09-10 10:41:45.553 [info] > git for-each-ref --sort -committerdate --format %(refname)%00%(objectname)%00%(*objectname) [64ms]
2025-09-10 10:41:45.559 [info] > git status -z -uall [188ms]
2025-09-10 10:42:01.613 [info] [Git][getWorktreesFS] Worktree detection is disabled, skipping worktree detection
2025-09-10 10:42:01.629 [info] > git config --get commit.template [9ms]
2025-09-10 10:42:01.630 [info] > git for-each-ref --format=%(refname)%00%(upstream:short)%00%(objectname)%00%(upstream:track)%00%(upstream:remotename)%00%(upstream:remoteref) refs/heads/main refs/remotes/main [2ms]
2025-09-10 10:42:01.785 [info] > git for-each-ref --sort -committerdate --format %(refname)%00%(objectname)%00%(*objectname) [80ms]
2025-09-10 10:42:01.795 [info] > git status -z -uall [156ms]
2025-09-10 10:42:58.387 [info] [Git][getWorktreesFS] Worktree detection is disabled, skipping worktree detection
2025-09-10 10:42:58.404 [info] > git config --get commit.template [8ms]
2025-09-10 10:42:58.406 [info] > git for-each-ref --format=%(refname)%00%(upstream:short)%00%(objectname)%00%(upstream:track)%00%(upstream:remotename)%00%(upstream:remoteref) refs/heads/main refs/remotes/main [3ms]
2025-09-10 10:42:58.504 [info] > git for-each-ref --sort -committerdate --format %(refname)%00%(objectname)%00%(*objectname) [6ms]
2025-09-10 10:42:58.591 [info] > git status -z -uall [178ms]
2025-09-10 10:43:34.965 [info] [Git][getWorktreesFS] Worktree detection is disabled, skipping worktree detection
2025-09-10 10:43:34.979 [info] > git config --get commit.template [7ms]
2025-09-10 10:43:34.981 [info] > git for-each-ref --format=%(refname)%00%(upstream:short)%00%(objectname)%00%(upstream:track)%00%(upstream:remotename)%00%(upstream:remoteref) refs/heads/main refs/remotes/main [3ms]
2025-09-10 10:43:35.053 [info] > git for-each-ref --sort -committerdate --format %(refname)%00%(objectname)%00%(*objectname) [2ms]
2025-09-10 10:43:35.156 [info] > git status -z -uall [168ms]
